custom_id,error,model,Q1,Q2,Q2a,Q3,Q4,Q5,in_actual
PXD010372,,o4-mini-2025-04-16,Yes | justification: Title and description focus on high-grade serous ovarian cancer (HGSOC) and CT45 as a target in ovarian cancer,No | evidence: Description only mentions platinum‐resistant and platinum‐sensitive HGSOC patient tumors | justification: No healthy or non‐cancer control samples are described,Not applicable | evidence: No healthy controls reported | justification: Cannot assess proportion without any control samples,"Yes | justification: Study performs quantitative proteomics, phosphoproteomics, interaction proteomics, and immunopeptidomics",meets ovarian cancer criterion: Yes | meets healthy controls criterion: No | meets proteomics criterion: Yes | justification: Dataset is ovarian cancer proteomics but lacks healthy controls,No,False
PXD036969,,o4-mini-2025-04-16,"No | justification: The study focuses on Long COVID Syndrome and plasma profiling, not ovarian cancer.",Yes | evidence: Three groups include healthy individuals vaccinated against SARS-CoV-2 without virus exposure. | justification: The dataset contains a healthy control group of vaccinated individuals.,Unclear | evidence: Description lists three groups but does not specify exact sample counts or percentages. | justification: No explicit numbers provided to determine if healthy controls constitute ≥20%.,Yes | justification: The study includes label-free proteome profiling of plasma samples.,"meets ovarian cancer criterion: No | meets healthy controls criterion: Yes | meets proteomics criterion: Yes | justification: Although the dataset contains healthy controls and uses proteomics, it is not about ovarian cancer.",No,False
PXD051500,,o4-mini-2025-04-16,Yes | justification: Study performed on exosomes from platinum-sensitive and -resistant epithelial ovarian cancer (EOC) patients.,No | evidence: Description only mentions ovarian cancer patients (platinum-sensitive and -resistant). | justification: No healthy control samples are described.,Not applicable | evidence: No healthy controls included. | justification: Sample composition for healthy controls cannot be assessed.,Yes | justification: 4D data-independent acquisition (DIA) proteomic sequencing was performed on exosome samples.,meets ovarian cancer criterion: Yes | meets healthy controls criterion: No | meets proteomics criterion: Yes | justification: Dataset focuses on ovarian cancer and uses proteomics but lacks healthy control samples.,No,False
PXD019223,,o4-mini-2025-04-16,Yes | justification: Description focuses on LKB1 kinase in epithelial ovarian cancer spheroid viability and metastasis.,No | evidence: No mention of healthy control samples in the description. | justification: The dataset description does not indicate inclusion of any healthy control samples.,"Not applicable | evidence: No sample composition details provided. | justification: Because no healthy controls are mentioned, composition criteria cannot be assessed.",Yes | justification: The use of MIB (multiplex inhibitor beads) and TripleTOF5600 mass spectrometer indicates proteomic profiling.,"meets ovarian cancer criterion: Yes | meets healthy controls criterion: No | meets proteomics criterion: Yes | justification: Although the dataset addresses ovarian cancer using proteomic methods, it lacks healthy control samples, failing the healthy controls criterion.",No,False
PXD040430,,o4-mini-2025-04-16,No | justification: The study focuses on PARP inhibitor resistance mechanisms in isogenic cell lines and a single case of BRCA1 mutant cancer rather than profiling an ovarian cancer patient cohort.,No | evidence: Description does not mention inclusion of healthy control samples. | justification: No healthy control samples are described.,Not applicable | justification: No healthy controls present.,No | justification: The data describe molecular biology and protein expression in cell lines but do not report a proteomics (mass spectrometry–based) dataset.,"meets ovarian cancer criterion: No | meets healthy controls criterion: No | meets proteomics criterion: No | justification: The dataset is not a proteomic study of ovarian cancer patient samples and lacks healthy controls, so it fails all inclusion criteria.",No,False
PXD005420,,o4-mini-2025-04-16,Yes | justification: Title and description focus on serous ovarian cancer tumor microenvironment,"Yes | evidence: ‘biopsies including Tumor, Borderline and healthy regions of serous ovarian cancers’ | justification: Healthy tissue regions are explicitly included",Unclear | evidence: No explicit numbers or percentages of healthy vs tumor samples provided | justification: Cannot determine whether healthy samples constitute ≥20% without counts,Yes | justification: Study uses MALDI MSI and top‐down tissue microproteomics,"meets ovarian cancer criterion: Yes | meets healthy controls criterion: Yes | meets proteomics criterion: Yes | justification: Dataset is ovarian cancer–focused, includes healthy controls, and employs proteomic methods",Yes,False
PXD001849,,o4-mini-2025-04-16,No | justification: The dataset is described as ‘gynecologic cancer’ tissue without specific mention of ovarian cancer.,No | evidence: Description does not mention any healthy or normal control samples. | justification: No healthy controls are described.,Not applicable | evidence: No healthy control samples reported. | justification: Cannot assess proportion without any controls.,Yes | justification: The study uses iTRAQ shotgun proteomics on cancer tissues.,"meets ovarian cancer criterion: No | meets healthy controls criterion: No | meets proteomics criterion: Yes | justification: Fails to focus on ovarian cancer and lacks healthy controls, though it is a proteomics study.",No,False
PXD005554,,o4-mini-2025-04-16,Yes | justification: Dataset includes omental metastasis samples derived from high-grade serous ovarian cancer and disease-free omentum from a patient with ovarian cancer.,No | evidence: Only ‘disease-free omentum’ from ovarian cancer patients and matched adjacent normal mammary gland tissues from breast cancer patients are provided. | justification: No samples from disease-free healthy individuals are included; normal tissues are from cancer patients.,"Not applicable | evidence: No healthy control samples from disease-free individuals. | justification: Healthy controls criterion not met, so composition cannot be assessed.",Yes | justification: LC-MS/MS analysis of ECM-enriched samples confirms proteomics methodology.,"meets ovarian cancer criterion: Yes | meets healthy controls criterion: No | meets proteomics criterion: Yes | justification: Although the dataset includes ovarian cancer proteomics data, it lacks healthy control samples from disease-free individuals, failing the healthy controls criterion.",No,False
PXD033569,,o4-mini-2025-04-16,Yes | justification: Study uses A2780 ovarian cancer cell line to investigate La protein function in ovarian cancer.,"No | evidence: Control group (NC) consists of the same ovarian cancer cells with non-targeting lentivirus, not healthy samples. | justification: No healthy subjects or non-cancerous controls are included; both groups are cancer cell lines.",Not applicable | evidence: No healthy control samples reported | justification: Healthy control composition criterion does not apply when no healthy controls are present.,Yes | justification: Proteomic analysis was conducted using TMT labeling and mass spectrometry on cell samples.,"meets ovarian cancer criterion: Yes | meets healthy controls criterion: No | meets proteomics criterion: Yes | justification: Although the study is on ovarian cancer and uses proteomics, it lacks any healthy control samples, failing criterion 2.",No,False
PXD055375,,o4-mini-2025-04-16,Yes | justification: Title and description indicate study of HDAC inhibitor targets in ovarian cancer cell types.,"No | evidence: Description mentions only ovarian cancer and leukemia cell types, no healthy control samples. | justification: No indication of healthy (non‐diseased) control samples.",Not applicable | evidence: No healthy controls reported. | justification: Criterion 2 failed.,"Yes | justification: Study uses proteome integral solubility alteration (PISA), a proteomics method.",meets ovarian cancer criterion: Yes | meets healthy controls criterion: No | meets proteomics criterion: Yes | justification: Dataset is on ovarian cancer and uses proteomics but lacks healthy control samples.,No,False
PXD000214,,o4-mini-2025-04-16,No | justification: The study uses CHO (Chinese hamster ovary) cell lines to identify autocrine growth factors and does not involve human ovarian cancer samples or disease context.,No | evidence: Description of CHO cell conditioned media only | justification: No human subjects or healthy control samples are included; only CHO cell culture media are analyzed.,Not applicable | evidence: No healthy controls present | justification: Sample composition relates solely to cell-line conditioned media; no control group to quantify.,Yes | justification: The dataset employs label-free shotgun proteomics via LC-MS/MS on an LTQ Orbitrap Velos instrument.,"meets ovarian cancer criterion: No | meets healthy controls criterion: No | meets proteomics criterion: Yes | justification: While the dataset uses proteomics methods, it does not involve ovarian cancer or include healthy control samples.",No,False
PXD005436,,o4-mini-2025-04-16,"No | justification: The study investigates poor ovarian response in IVF, not ovarian cancer.",No | evidence: Only poor ovarian responders are described; no healthy control group mentioned. | justification: No healthy or normal control subjects are included.,Not applicable | evidence: No healthy controls described | justification: Sample composition for controls is not provided.,Yes | justification: Quantitative proteomic analyses using orbitrap and QQQ mass spectrometers are performed.,meets ovarian cancer criterion: No | meets healthy controls criterion: No | meets proteomics criterion: Yes | justification: The dataset uses proteomics but is not about ovarian cancer and lacks healthy controls.,No,False
PXD010166,,o4-mini-2025-04-16,Yes | justification: The dataset investigates septin-2 expression and function specifically in epithelial ovarian cancer (EOC) tissues and cell lines.,No | evidence: Only benign disease tissues and ovarian cancer cell lines are compared; no healthy volunteer samples are mentioned. | justification: Benign disease tissues do not qualify as healthy controls and no normal samples are included.,"Not applicable | evidence: No healthy control group or sample composition is provided. | justification: Without any healthy samples, the 20% composition criterion cannot be assessed.",Yes | justification: The study includes comparative label-free proteomic analysis of septin-2 knockout versus control cells.,"meets ovarian cancer criterion: Yes | meets healthy controls criterion: No | meets proteomics criterion: Yes | justification: Although it is a proteomic study of ovarian cancer, it lacks healthy controls, failing one of the core criteria.",No,False
PXD045417,,o4-mini-2025-04-16,Yes | justification: Title and description specify profiling of high-grade serous ovarian cancer (HGSOC) tumors.,No | evidence: Description details only patient tumor samples; no healthy control samples mentioned. | justification: No indication of healthy control cohort.,"Not applicable | evidence: No healthy controls are included, so composition cannot be assessed. | justification: Dataset lacks any healthy control samples.",Yes | justification: Proteogenomic analysis includes deep proteomic profiling of tumor and stromal cell populations.,"meets ovarian cancer criterion: Yes | meets healthy controls criterion: No | meets proteomics criterion: Yes | justification: Study focuses on ovarian cancer proteomics but does not include healthy controls, failing criterion 2.",No,False
PXD001084,,o4-mini-2025-04-16,Yes | justification: Title and description focus on benign and malignant serous ovarian tumors (serous adenocarcinoma and cystadenoma).,No | evidence: Control group consists of six patients with serous cystadenoma (benign ovarian tumor). | justification: Benign tumor patients are not healthy controls without disease.,Not applicable | evidence: No healthy (non-diseased) controls are included. | justification: Only patients with benign ovarian cystadenoma serve as controls.,Yes | justification: Study uses label-free liquid chromatography tandem mass spectrometry (LC-MSe) to profile proteins.,"meets ovarian cancer criterion: Yes | meets healthy controls criterion: No | meets proteomics criterion: Yes | justification: Dataset is ovarian cancer proteomics, but control group are benign tumor patients, not healthy individuals, so fails healthy control criterion.",No,False
PXD015782,,o4-mini-2025-04-16,Yes | justification: Focuses on high-grade serous ovarian carcinoma (HGSOC) patient tumors and models.,"No | evidence: Description mentions only HGSOC patient tumors, PDX models, and cell lines. | justification: No healthy or non-diseased control samples are described.",Not applicable | evidence: No healthy controls present | justification: Cannot assess proportion of healthy controls when none are included.,Yes | justification: Uses multiplexed inhibitor beads and mass spectrometry (MIB-MS) to profile the kinome.,"meets ovarian cancer criterion: Yes | meets healthy controls criterion: No | meets proteomics criterion: Yes | justification: Dataset is ovarian cancer–focused and proteomic but lacks healthy control samples, failing criterion #2.",No,False
PXD061015,,o4-mini-2025-04-16,Yes | justification: The study focuses on high-grade serous ovarian carcinoma and ovarian cancer stem cells derived from patient tumors.,No | evidence: Description of samples includes only patient-derived ovarian cancer stem cell spheres; no healthy control samples are mentioned. | justification: No healthy or normal control samples are described.,Not applicable | justification: There are no healthy controls in the dataset.,Yes | justification: The study uses quantitative mass spectrometry to analyze the proteome and phosphoproteome of ovarian cancer stem cells.,"meets ovarian cancer criterion: Yes | meets healthy controls criterion: No | meets proteomics criterion: Yes | justification: While the dataset is clearly about ovarian cancer and employs proteomic methods, it lacks any healthy control samples, failing the healthy controls criterion.",No,False
PXD025864,,o4-mini-2025-04-16,Yes | justification: Title and description explicitly focus on human ovarian cancer patients.,"Yes | evidence: ""compared with healthy individuals"" | justification: The study contrasts cancer samples with healthy controls.",Not applicable | evidence: None provided | justification: No explicit breakdown of sample counts or percentages is given.,Yes | justification: The title specifies LC-MS/MS proteomics analysis.,"meets ovarian cancer criterion: Yes | meets healthy controls criterion: Yes | meets proteomics criterion: Yes | justification: The dataset addresses ovarian cancer, includes healthy controls, and uses proteomic methods; no exclusion criteria are triggered.",Yes,True
PXD039281,,o4-mini-2025-04-16,Yes | justification: The study includes ovarian cancer as one of the targeted human cancers for investigating PAF1-RAD52 interactions.,No | evidence: Description does not mention healthy control samples. | justification: No indication of healthy control subjects in the dataset description.,Not applicable | evidence: No healthy controls described. | justification: Sample composition information is absent due to lack of healthy control data.,Unclear | justification: The description refers to protein interactions but does not specify a proteomic profiling method or mass spectrometry dataset.,"meets ovarian cancer criterion: Yes | meets healthy controls criterion: No | meets proteomics criterion: Unclear | justification: While the dataset involves ovarian cancer, it lacks healthy control samples and does not clearly describe a proteomics approach, thus failing key inclusion criteria.",No,False
PXD040742,,o4-mini-2025-04-16,Yes | justification: Title and description focus on high grade serous ovarian cancers (HGSOCs).,No | evidence: Description only mentions tumor biopsies from refractory and sensitive HGSOC patients. | justification: No healthy or non‐cancer control samples are described.,Not applicable | evidence: No controls present | justification: Healthy control group not provided.,Yes | justification: Study is a proteogenomic analysis identifying protein signatures and pathway expression.,"meets ovarian cancer criterion: Yes | meets healthy controls criterion: No | meets proteomics criterion: Yes | justification: Dataset is ovarian cancer and proteomic, but lacks healthy controls.",No,False
PXD033169,,o4-mini-2025-04-16,"Yes | justification: The study specifically focuses on high-grade serous ovarian cancer (HGSOC), a subtype of ovarian cancer.",Yes | evidence: 24 healthy controls included | justification: The description reports serum samples from 26 HGSOC cases and 24 healthy controls.,"Yes | evidence: 24/50 total samples = 48% healthy controls | justification: Healthy controls make up 48% of all samples, exceeding the 20% requirement.",Yes | justification: Proteomic profiling was performed using liquid chromatography data-independent acquisition tandem mass spectrometry.,"meets ovarian cancer criterion: Yes | meets healthy controls criterion: Yes | meets proteomics criterion: Yes | justification: Dataset is about ovarian cancer, includes sufficient healthy controls (48%), and uses MS-based proteomics.",Yes,True
PXD064540,,o4-mini-2025-04-16,"No | justification: The study investigates premature ovarian insufficiency in a mouse model, not ovarian cancer.","Unclear | evidence: Description does not explicitly mention non‐diseased (healthy) control samples. | justification: While a disease model is described, healthy/control group details are not provided.","Not applicable | justification: No explicit sample composition is given, so proportion of controls cannot be assessed.","Yes | justification: Mass spectrometry was employed to probe molecular responses, indicating proteomic analysis.",meets ovarian cancer criterion: No | meets healthy controls criterion: Unclear | meets proteomics criterion: Yes | justification: The dataset includes proteomics but is not about ovarian cancer and lacks clear healthy control information.,No,False
PXD015781,,o4-mini-2025-04-16,Yes | justification: The dataset focuses on high-grade serous ovarian carcinoma (HGSOC) signaling and therapeutic targets.,No | evidence: Description only mentions HGSOC patient tumors and PDX models; no healthy control samples are described. | justification: There is no indication of any healthy or non-cancer control samples in the dataset description.,"Not applicable | evidence: Not applicable | justification: No healthy controls present, so composition criterion cannot be assessed.",Yes | justification: Uses multiplexed inhibitor beads and mass spectrometry (MIB-MS) for kinome profiling.,"meets ovarian cancer criterion: Yes | meets healthy controls criterion: No | meets proteomics criterion: Yes | justification: While the dataset is on ovarian cancer and employs proteomic mass-spectrometry, it lacks healthy control samples, failing the healthy control inclusion criterion.",No,False
PXD031485,,o4-mini-2025-04-16,"No | justification: Study focuses on proteome of follicular fluid from women with PCOS and normal women, not on ovarian cancer.",Yes | evidence: Comparison between women with PCO and normal women | justification: Includes samples from normal (healthy) women as control group,Unclear | evidence: No explicit numbers or proportions of healthy controls provided | justification: Sample composition percentages not stated,Yes | justification: Study performs proteomic analysis of follicular fluid,meets ovarian cancer criterion: No | meets healthy controls criterion: Yes | meets proteomics criterion: Yes | justification: Dataset fails the ovarian cancer criterion despite meeting healthy control and proteomics criteria.,No,False
PXD041002,,o4-mini-2025-04-16,Yes | justification: The title and description explicitly refer to ovarian cancer cells and compare treated vs. non-treated ovarian cancer cell lines.,"No | evidence: Description only mentions treated and non-treated cancer cells, no mention of healthy (non-cancer) samples. | justification: Controls are non-treated cancer cells rather than healthy controls.","Not applicable | evidence: N/A | justification: No healthy controls present, so composition criterion does not apply.",Yes | justification: Data were acquired using a Real Time Search MS3 TMT proteomics workflow on an Orbitrap Eclipse.,meets ovarian cancer criterion: Yes | meets healthy controls criterion: No | meets proteomics criterion: Yes | justification: Dataset is proteomic and focused on ovarian cancer but lacks healthy control samples.,No,False
PXD019863,,o4-mini-2025-04-16,"No | justification: The dataset focuses on Salmonella infection in epithelial cells, not ovarian cancer.","No | evidence: Description only mentions infected epithelial cells over time, no healthy control samples defined. | justification: No indication of uninfected or healthy control samples in the study.","Not applicable | evidence: No sample composition provided. | justification: Healthy controls are not described, so this criterion does not apply.",Yes | justification: The study uses data-dependent and independent acquisition LC-MS/MS proteomics workflows.,"meets ovarian cancer criterion: No | meets healthy controls criterion: No | meets proteomics criterion: Yes | justification: Although it is a proteomics study, it is not about ovarian cancer and lacks healthy controls.",No,False
PXD015903,,o4-mini-2025-04-16,Yes | justification: Title and description specify a proteome study of ovarian cancer tumor samples (TCGA Ovarian Serous Cystadenocarcinoma cohort).,No | evidence: Description lists only 174 TCGA ovarian cancer tumor samples; no healthy control samples mentioned. | justification: All samples are described as tumor specimens with no reference to non‐cancerous or healthy controls.,"Not applicable | evidence: No explicit sample composition including healthy controls is provided. | justification: Since there are no healthy controls, percentage composition cannot be assessed.","Yes | justification: Study uses iTRAQ quantification, glycoproteome and phosphoproteome analyses, indicating proteomic methods.","meets ovarian cancer criterion: Yes | meets healthy controls criterion: No | meets proteomics criterion: Yes | justification: While the dataset is clearly ovarian cancer and uses proteomics, it lacks healthy control samples, failing the control criterion.",No,False
PXD009655,,o4-mini-2025-04-16,Yes | justification: Title and description focus on high-grade ovarian cancer (HGOC) early detection via uterine liquid biopsies.,"Yes | evidence: Description states liquid biopsies from HGOC patients (n=49), controls (n=127) and healthy BRCA mutation carriers (n=25). | justification: The dataset includes 127 non‐cancer controls and 25 healthy carriers.",Yes | evidence: 127 controls out of a total of 201 samples (49 HGOC + 127 controls + 25 carriers) represent ~63% healthy controls. | justification: Explicit sample composition provided and ≥20% are healthy controls.,"Yes | justification: Data-dependent proteomic profiling on a Q-Exactive mass spectrometer with depth of ~3,000 proteins per sample.","meets ovarian cancer criterion: Yes | meets healthy controls criterion: Yes | meets proteomics criterion: Yes | justification: Dataset targets ovarian cancer, includes >20% healthy controls, and uses mass‐spectrometry proteomics.",Yes,True
PXD020560,,o4-mini-2025-04-16,Yes | justification: Focuses on A2780 ovarian cancer cell line and mode of action in ovarian cancer cells.,No | evidence: No mention of healthy control samples or normal/healthy cell lines. | justification: Only ovarian cancer cells are profiled; no healthy controls described.,"Not applicable | evidence: No explicit sample composition provided. | justification: Healthy controls are absent, so composition criterion not applicable.",Yes | justification: Employs mass spectrometry-based shotgun proteomics to assess global protein expression changes.,"meets ovarian cancer criterion: Yes | meets healthy controls criterion: No | meets proteomics criterion: Yes | justification: Dataset meets ovarian cancer and proteomics criteria but lacks healthy controls, failing the healthy control requirement.",No,False
PXD027794,,o4-mini-2025-04-16,"Yes | justification: Study uses SKOV3 ovarian cancer cells to assess changes in their proteome, indicating focus on ovarian cancer.","No | evidence: Description only mentions secretomes from control or dying cancer cells; no healthy donor or non-cancer samples. | justification: Controls are cancer cell lines, not healthy subjects or tissues.",Not applicable | evidence: No healthy control samples reported. | justification: Healthy control composition is not provided.,Yes | justification: Proteomic profiling of recipient tumor cells after treatment with secretomes is described.,"meets ovarian cancer criterion: Yes | meets healthy controls criterion: No | meets proteomics criterion: Yes | justification: While it meets ovarian cancer and proteomics criteria, it fails to include healthy control samples.",No,False
PXD029424,,o4-mini-2025-04-16,Yes | justification: Title and description focus on BRCA1/2-deficient ovarian carcinoma (OC) and OC cell lines and tumor samples,No | evidence: Study uses OC cell lines and patient-derived tumor samples only; no normal/healthy samples mentioned | justification: No indication of healthy control group in title or description,Not applicable | evidence: No healthy controls reported | justification: Cannot assess composition without any healthy samples,"Yes | justification: Employs chemical proteomics, phosphoproteomics, and ADP-ribosylation proteomics",meets ovarian cancer criterion: Yes | meets healthy controls criterion: No | meets proteomics criterion: Yes | justification: Dataset covers ovarian carcinoma and uses proteomics but lacks healthy controls,No,False
PXD031518,,o4-mini-2025-04-16,Yes | justification: The title and description focus on high-grade serous ovarian cancer (HGSOC) classification.,No | evidence: Description does not mention any healthy control samples. | justification: Only patient tumors are discussed; no healthy controls are included.,Not applicable | evidence: No healthy controls present. | justification: Healthy control composition cannot be assessed when none are included.,No | justification: Study uses video imaging and morphologic classification; no proteomic methodologies are described.,"meets ovarian cancer criterion: Yes | meets healthy controls criterion: No | meets proteomics criterion: No | justification: While the dataset is about ovarian cancer, it lacks healthy controls and does not include proteomic data.",No,False
PXD031929,,o4-mini-2025-04-16,Yes | justification: Title and description explicitly focus on high‐grade serous ovarian cancer (HGSOC) patient tumors and treatment response.,No | evidence: Description only mentions matched pre‐ and post‐NACT HGSOC tumor samples. | justification: No healthy or non‐diseased control samples are described.,"Not applicable | evidence: No healthy controls described. | justification: Sample composition lacks healthy control group, so 20% threshold cannot be evaluated.",Yes | justification: Study assesses proteomic alterations and distinct proteome profiles in tumor tissues.,"meets ovarian cancer criterion: Yes | meets healthy controls criterion: No | meets proteomics criterion: Yes | justification: Dataset addresses ovarian cancer and uses proteomics but does not include healthy controls, failing that criterion.",No,False
PXD019914,,o4-mini-2025-04-16,Yes | justification: Title and description describe high-grade serous ovarian carcinoma (HGSC) tissues.,No | evidence: Description reports only 119 HGSC tumor tissues; no healthy samples mentioned. | justification: No healthy control samples are described.,"No | evidence: Sample composition: 119 HGSC tumor tissues; healthy controls = 0%. | justification: Explicit composition shows 0% healthy controls, below the 20% threshold.",Yes | justification: Mass-spectrometry-based glycoproteomic characterization is performed.,"meets ovarian cancer criterion: Yes | meets healthy controls criterion: No | meets proteomics criterion: Yes | justification: The dataset focuses on ovarian cancer and uses proteomics but lacks healthy controls, failing criterion #2.",No,False
PXD022996,,o4-mini-2025-04-16,No | justification: Description makes no mention of ovarian cancer or related samples; it focuses on imputation methods for proteomic data in general.,"No | evidence: No mention of healthy control samples in the dataset description. | justification: The dataset is methodological, assessing imputation methods, without specifying any case/control grouping.","Not applicable | evidence: No sample composition details provided. | justification: Healthy controls are not mentioned, so composition criterion does not apply.",Yes | justification: Dataset uses label-free LC-MS/MS (DIA-MS) proteomic workflows to evaluate imputation methods.,"meets ovarian cancer criterion: No | meets healthy controls criterion: No | meets proteomics criterion: Yes | justification: While the dataset is proteomic, it does not involve ovarian cancer or include healthy controls, so it fails key inclusion criteria.",No,False
PXD000100,,o4-mini-2025-04-16,"Yes | justification: Study profiles cancer-associated proteins in plasma from ovarian cancer patients and benign ovarian tumor patients, indicating ovarian cancer focus.",No | evidence: Description mentions ovarian cancer patients and benign ovarian tumor patients only; no healthy individuals included. | justification: No healthy control samples are described.,Not applicable | evidence: No healthy control group is present. | justification: Sample composition does not include any healthy controls.,Yes | justification: Targeted protein analysis of plasma digest using mProphet indicates proteomic methodology.,"meets ovarian cancer criterion: Yes | meets healthy controls criterion: No | meets proteomics criterion: Yes | justification: Although the dataset focuses on ovarian cancer and uses proteomic methods, it lacks healthy control samples and thus fails criterion 2.",No,False
PXD013811,,o4-mini-2025-04-16,Yes | justification: Title and description explicitly focus on ovarian cancer and tumor growth in EOC.,No | evidence: Description makes no mention of healthy control samples. | justification: There is no indication of any healthy control group in the title or description.,Not applicable | evidence: No healthy controls present. | justification: Cannot assess healthy control proportion when none are described.,Yes | justification: Title references MS/MS and description states proteomic analysis was performed.,"meets ovarian cancer criterion: Yes | meets healthy controls criterion: No | meets proteomics criterion: Yes | justification: While it addresses ovarian cancer and uses proteomics, it lacks healthy controls, failing the healthy control criterion.",No,False
PXD016996,,o4-mini-2025-04-16,"No | justification: The study focuses on NK cell proteome response to the tumor microenvironment in general, with no mention of ovarian cancer.","No | evidence: Description: NK cells exposed to TME or control media | justification: Control media is an experimental condition, not healthy human control samples.",Not applicable | evidence: No healthy control samples reported | justification: Healthy control composition is not provided because no healthy controls are included.,Yes | justification: The study assesses global differences in protein levels via proteomics.,meets ovarian cancer criterion: No | meets healthy controls criterion: No | meets proteomics criterion: Yes | justification: The dataset uses proteomics but is not specific to ovarian cancer nor includes healthy human controls.,No,False
PXD019327,,o4-mini-2025-04-16,Yes | justification: The study specifically profiles ascites from ovarian cancer patients before and after chemotherapy.,No | evidence: Only ascites from ovarian cancer patients before and after treatment (n=10) are analyzed. | justification: No samples from healthy individuals or normal controls are described.,Not applicable | evidence: No healthy control samples are present. | justification: Healthy control composition cannot be assessed without any control samples.,Yes | justification: The dataset is based on LC-MS/MS proteomic analysis of ascites samples.,"meets ovarian cancer criterion: Yes | meets healthy controls criterion: No | meets proteomics criterion: Yes | justification: While the dataset focuses on ovarian cancer and uses proteomic methods, it lacks healthy control samples.",No,False
PXD015904,,o4-mini-2025-04-16,Yes | justification: Title and description explicitly refer to TCGA Ovarian Cancer tumor samples and the CPTAC ovarian cancer proteome study.,"No | evidence: Description only mentions tumor samples and xenograft reference samples, no normal or healthy control samples. | justification: No healthy control group is described in the dataset.",Not applicable | evidence: No explicit sample composition or mention of healthy controls provided. | justification: Cannot assess proportion of healthy controls when none are described.,Yes | justification: Dataset comprises iTRAQ proteome and phosphoproteome experiments analyzing proteomic data.,"meets ovarian cancer criterion: Yes | meets healthy controls criterion: No | meets proteomics criterion: Yes | justification: Although it concerns ovarian cancer proteomics, it lacks any healthy control samples, failing the healthy control criterion.",No,False
PXD044196,,o4-mini-2025-04-16,Yes | justification: The study focuses on CRNDEP’s role in ovarian carcinogenesis and investigates its effects in OvCa cells.,No | evidence: Description only mentions ovarian cancer cells and one OvCa sample; no healthy control samples are described. | justification: No healthy controls are reported in the dataset or study design.,"Not applicable | evidence: No explicit sample composition provided. | justification: Healthy controls are absent, so composition criterion cannot be applied.",Yes | justification: The study uses mass spectrometry (MS) for peptide detection and immunoprecipitation followed by MS validation of CRNDEP.,"meets ovarian cancer criterion: Yes | meets healthy controls criterion: No | meets proteomics criterion: Yes | justification: Although the dataset is ovarian cancer–focused and uses proteomic methods, it lacks any healthy control samples.",No,False
PXD003752,,o4-mini-2025-04-16,Yes | justification: Study focuses on kallikrein-related peptidase 7 in high grade serous ovarian cancer (HGSOC).,No | evidence: Description only mentions analysis of SKOV-3 (ovarian cancer) cell-secreted proteins. | justification: No healthy or non-cancer control samples are reported.,Not applicable | evidence: No healthy controls described. | justification: Cannot assess control composition when none are provided.,"Yes | justification: Uses quantitative PROtein Topography and Migration Analysis Platform (qPROTOMAP) and TAILS, both proteomic methods.","meets ovarian cancer criterion: Yes | meets healthy controls criterion: No | meets proteomics criterion: Yes | justification: Dataset is ovarian cancer–related and proteomic, but lacks healthy control samples.",No,False
PXD017041,,o4-mini-2025-04-16,Yes | justification: Study focuses on small cell carcinoma of the ovary hypercalcemic type (SCCOHT) cell lines,No | evidence: Only ovarian cancer cell lines and a HAP1 parental cell line are included | justification: No samples from healthy individuals or tissues,Not applicable | evidence: No healthy control samples provided | justification: Healthy control criterion not met,Yes | justification: Uses immunoprecipitation coupled with mass spectrometry,"meets ovarian cancer criterion: Yes | meets healthy controls criterion: No | meets proteomics criterion: Yes | justification: Although it is an ovarian cancer proteomics study, it lacks healthy control samples",No,False
PXD033108,,o4-mini-2025-04-16,Yes | justification: Title and description focus on discovery and validation of serum biomarkers for high grade serous ovarian cancer (HGSOC).,"Yes | evidence: ""Serum from age-matched women with HGSOC, benign tumours or healthy controls were analysed..."" | justification: Healthy controls are explicitly mentioned as one of the sample groups.",Not applicable | evidence: No breakdown of sample counts by group provided | justification: Absolute numbers of healthy controls versus other groups are not specified.,Yes | justification: The study uses lectin-magnetic bead array-coupled shotgun and targeted proteomics platforms.,"meets ovarian cancer criterion: Yes | meets healthy controls criterion: Yes | meets proteomics criterion: Yes | justification: Dataset focuses on ovarian cancer, includes healthy controls, and employs proteomic methods.",Yes,True
PXD034466,,o4-mini-2025-04-16,Yes | justification: Study focuses on TRIP treatment in ovarian cancer cells and target identification in these cells.,No | evidence: Description only mentions ovarian cancer cells; no healthy control samples are described. | justification: No mention of healthy or non-diseased control samples.,Not applicable | evidence: No healthy control samples described. | justification: Cannot assess proportion without any controls.,Yes | justification: Chemoproteomics was performed to identify dose-dependent protein targets in living cells.,meets ovarian cancer criterion: Yes | meets healthy controls criterion: No | meets proteomics criterion: Yes | justification: Dataset is proteomics-based and focuses on ovarian cancer cells but lacks healthy control samples.,No,False
PXD045710,,o4-mini-2025-04-16,Yes | justification: The title and description specify high-grade serous ovarian cancer (HGSOC).,No | evidence: Only tumor samples from 12 HGSOC patients (65 tumors) are described; no healthy controls mentioned. | justification: No healthy control group is included.,Not applicable | evidence: No healthy controls provided. | justification: Composition criterion is irrelevant without healthy controls.,"Yes | justification: The study performed proteogenomic profiling, which includes proteomic analysis.",meets ovarian cancer criterion: Yes | meets healthy controls criterion: No | meets proteomics criterion: Yes | justification: Dataset focuses on ovarian cancer proteomics but lacks healthy controls.,No,False
PXD027577,,o4-mini-2025-04-16,"No | justification: The study focuses on ovarian follicular fluid related to oocyte maturation and quality, not on ovarian cancer.",No | evidence: No mention of control group samples in title or description. | justification: The description does not indicate inclusion of healthy control samples.,Not applicable | evidence: No sample composition provided | justification: Healthy control proportion cannot be assessed without explicit control data.,Yes | justification: Title and description specify a proteomic investigation of ovarian follicular fluid.,"meets ovarian cancer criterion: No | meets healthy controls criterion: No | meets proteomics criterion: Yes | justification: Fails cancer focus and lacks healthy controls, though it is proteomic.",No,False
PXD046360,,o4-mini-2025-04-16,"Yes | justification: Focuses on low grade serous ovarian cancer (LGSC), serous borderline tumor (SBT) and high grade serous (HGSC) ovarian tumors","No | evidence: Only LGSC, SBT and HGSC tumor samples are described; no normal/healthy samples mentioned | justification: No reference to healthy control or normal tissue samples","Not applicable | evidence: No healthy control sample composition provided | justification: Healthy controls are not included, so composition threshold does not apply","Yes | justification: Dataset reports whole proteome profiling, indicating proteomic analysis","meets ovarian cancer criterion: Yes | meets healthy controls criterion: No | meets proteomics criterion: Yes | justification: Although it studies ovarian cancer using proteomics, it lacks healthy control samples required by criteria",No,False
PXD001176,,o4-mini-2025-04-16,"Yes | justification: The study investigates cisplatin resistance mechanisms in the A2780 ovarian cancer cell line and its resistant derivative, directly focusing on ovarian cancer.","No | evidence: Only two ovarian cancer cell lines (A2780 and A2780-DR) were analyzed, without any non-cancerous or healthy control samples. | justification: No healthy or normal control samples are included; all samples are cancer cell lines.",Not applicable | evidence: N/A | justification: There are no healthy control samples in the dataset.,"Yes | justification: The study performed quantitative proteomic analysis, identifying 340 differentially expressed proteins by mass-spectrometry–based methods.","meets ovarian cancer criterion: Yes | meets healthy controls criterion: No | meets proteomics criterion: Yes | justification: Although the dataset meets the ovarian cancer and proteomics criteria, it lacks healthy control samples, failing criterion 2.",No,False
PXD020557,,o4-mini-2025-04-16,Yes | justification: Title and description focus on high-grade serous ovarian cancer patient plasma analysis.,Yes | evidence: Description states ‘10 healthy female plasmas’ | justification: Includes healthy female plasma samples alongside cancer samples.,Yes | evidence: 10 healthy controls out of 20 total samples (50% healthy) | justification: Healthy controls comprise ≥20% of the sample set.,"Yes | justification: MS files for plasma proteins were uploaded, indicating proteomic analysis.",meets ovarian cancer criterion: Yes | meets healthy controls criterion: Yes | meets proteomics criterion: Yes | justification: Dataset studies ovarian cancer vs. healthy controls using proteomic MS data with sufficient healthy control representation.,Yes,True
PXD030034,,o4-mini-2025-04-16,Yes | justification: Title and description specify high grade serous ovarian cancer (HGSC) and homologous recombination–deficient ovarian tumors.,No | evidence: Description only mentions autopsy samples from 15 women with HR-deficient HGSC. | justification: No healthy or non-cancer control samples are indicated.,Not applicable | evidence: No control samples described. | justification: Sample composition not provided for healthy controls.,No | justification: Study describes a multi-omics approach but does not explicitly mention proteomic analyses.,"meets ovarian cancer criterion: Yes | meets healthy controls criterion: No | meets proteomics criterion: No | justification: While the dataset focuses on ovarian cancer, it lacks healthy controls and proteomic data.",No,False
PXD012295,,o4-mini-2025-04-16,"No | justification: The study focuses on oral cancer (OSCC) and tobacco abuse, not ovarian cancer.","Yes | evidence: ""differential saliva proteome profile of tobacco abuser, OSCC and healthy control"" | justification: Healthy control samples are explicitly mentioned.",Unclear | evidence: No sample numbers or percentages provided for each group | justification: The relative proportion of healthy controls is not specified.,Yes | justification: The study analyzes the saliva proteome profile using proteomic methods.,"meets ovarian cancer criterion: No | meets healthy controls criterion: Yes | meets proteomics criterion: Yes | justification: Although it includes healthy controls and proteomic analysis, it is not about ovarian cancer.",No,False
PXD025940,,o4-mini-2025-04-16,No | justification: The study characterizes the ovarian matrisome across physiological stages (prepuberty to menopause) without any mention of ovarian cancer samples or tumor biology.,"No | evidence: All samples are from healthy ovarian tissues at different life stages; no comparison between disease and control groups is described. | justification: The dataset does not include cancer cases or a case–control design, only normal ovarian tissues.",Not applicable | evidence: No explicit case–control sample composition provided. | justification: The dataset lacks a control group defined against diseased samples.,Yes | justification: The study uses mass spectrometry–based quantitative proteomics with TMT pro 16-plex labeling to profile the ovarian proteome and ECM.,"meets ovarian cancer criterion: No | meets healthy controls criterion: No | meets proteomics criterion: Yes | justification: While the dataset employs proteomics, it is not related to ovarian cancer nor does it include disease versus healthy control comparisons; thus it fails key inclusion criteria.",No,False
PXD000901,,o4-mini-2025-04-16,Yes | justification: Study focuses on exomes and phospho-proteomes of five ovarian cancer cell lines.,"No | evidence: Description only mentions ovarian cancer cell lines, no healthy controls. | justification: No mention of healthy control samples.","Not applicable | justification: No healthy controls reported, thus composition not applicable.",Yes | justification: Includes global quantitative analysis of (phospho-)proteomes.,"meets ovarian cancer criterion: Yes | meets healthy controls criterion: No | meets proteomics criterion: Yes | justification: Dataset is ovarian cancer-related and proteomic but lacks healthy controls, failing criterion 2.",No,False
PXD051569,,o4-mini-2025-04-16,"No | justification: The dataset focuses on premature ovarian failure (POF), not ovarian cancer.",Yes | evidence: “14 POF patients and 16 healthy controls.” | justification: Description explicitly states inclusion of healthy control samples.,Yes | evidence: 16 healthy controls out of a total of 30 samples (≈53%). | justification: Healthy controls represent over 20% of the cohort.,Yes | justification: The study includes label-free proteomic analysis of serum exosomes.,meets ovarian cancer criterion: No | meets healthy controls criterion: Yes | meets proteomics criterion: Yes | justification: Fails the ovarian cancer criterion—focuses on POF rather than ovarian cancer—despite meeting other criteria.,No,False
PXD008582,,o4-mini-2025-04-16,"No | justification: The dataset focuses on metastatic colorectal cancer (CRC), not ovarian cancer.","No | evidence: Description mentions CRC cell lines and mouse models, with no reference to healthy control samples. | justification: No healthy control group is described.","Not applicable | evidence: No healthy controls are included, so sample composition for controls is not provided. | justification: Healthy control composition cannot be assessed in absence of controls.",Yes | justification: The study uses quantitative phosphoproteomics to identify DDR1 substrates and signaling changes.,"meets ovarian cancer criterion: No | meets healthy controls criterion: No | meets proteomics criterion: Yes | justification: Although the dataset employs proteomics, it does not involve ovarian cancer or healthy controls.",No,False
PXD014352,,o4-mini-2025-04-16,Yes | justification: Title and description specifically focus on ovarian malignant tissue and ovarian carcinoma biomarker discovery.,No | evidence: Description mentions non-malignant tissue samples but does not specify healthy control subjects. | justification: Non-malignant tissue from cancer patients is not explicitly defined as healthy controls.,Not applicable | evidence: No explicit sample composition or percentage of healthy controls provided. | justification: Cannot assess healthy control proportion without sample breakdown.,Yes | justification: Study employs 2D gel electrophoresis and MALDI-TOF MS for proteomic analysis.,"meets ovarian cancer criterion: Yes | meets healthy controls criterion: No | meets proteomics criterion: Yes | justification: While the dataset is focused on ovarian cancer proteomics, it lacks defined healthy control samples, failing the healthy control criterion.",No,True
PXD029428,,o4-mini-2025-04-16,Yes | justification: Title and description explicitly refer to ovarian carcinoma (OC) and BRCA1/2-deficient ovarian cancer.,No | evidence: Study uses OC cell lines and patient-derived tumor samples only; no healthy or normal samples are mentioned. | justification: No healthy control samples are reported.,Not applicable | evidence: No healthy controls in dataset. | justification: Proportion criterion does not apply when no healthy controls are present.,"Yes | justification: Employs chemical proteomics, phosphoproteomics and ADP-ribosylation proteomics approaches.","meets ovarian cancer criterion: Yes | meets healthy controls criterion: No | meets proteomics criterion: Yes | justification: Although the study is on ovarian cancer and uses proteomics, it lacks healthy controls, failing criterion 2.",No,False
PXD026929,,o4-mini-2025-04-16,Yes | justification: Title and description focus on miR-141 secretion by ovarian cancer cells and its effects in that context.,"No | evidence: Only scrambled-transfected fibroblast controls are described, not healthy human subjects. | justification: Controls are technical (scrambled miRNA), not healthy individual samples.",Not applicable | evidence: No healthy controls present | justification: No explicit healthy subject composition provided.,Yes | justification: Samples were sent for proteomic analysis to profile protein changes.,meets ovarian cancer criterion: Yes | meets healthy controls criterion: No | meets proteomics criterion: Yes | justification: Dataset is ovarian cancer–related and proteomic but lacks healthy control samples.,No,False
PXD056996,,o4-mini-2025-04-16,"Yes | justification: Title and description focus on high-grade serous ovarian carcinoma, a subtype of ovarian cancer.",Yes | evidence: Description mentions EVs isolated from HGSOC and non-cancerous cell lines and normal ovary tissues as controls. | justification: Dataset compares HGSOC samples to matching non-cancerous cell line and tissue controls.,Not applicable | evidence: No sample composition details provided in description. | justification: No explicit numbers or proportions of healthy controls are given.,"Yes | justification: The study performs comparative glycoproteomics of extracellular vesicles and tissues, indicating proteomic profiling.","meets ovarian cancer criterion: Yes | meets healthy controls criterion: Yes | meets proteomics criterion: Yes | justification: Dataset is about HGSOC, includes non-cancerous controls, and uses proteomic methods.",Yes,True
PXD055521,,o4-mini-2025-04-16,Yes | justification: The study focuses on signaling pathways and therapy responses in high-grade serous ovarian carcinoma (OVCAR8) cells.,"No | evidence: No healthy human or normal tissue samples are described; controls are CRISPR‐engineered cell lines (ΔAAVS1, wild-type). | justification: Only ovarian cancer cell lines and engineered knockouts are used, not healthy individuals or tissues.",Not applicable | evidence: N/A | justification: No healthy control samples are present to assess composition.,Yes | justification: The study uses quantitative phosphoproteomics and matching global proteomics analyses.,"meets ovarian cancer criterion: Yes | meets healthy controls criterion: No | meets proteomics criterion: Yes | justification: While it meets the ovarian cancer and proteomics requirements, it lacks healthy human control samples.",No,False
PXD023272,,o4-mini-2025-04-16,Yes | justification: Title and description specify high grade serous ovarian cancer tissue and biomarkers detection in ovarian cancer.,No | evidence: Description reports samples from a single cancer case; no mention of healthy subjects or controls. | justification: Only tumor and cervical swab/Pap test from an ovarian cancer case are analyzed; no healthy control group.,Not applicable | evidence: No healthy controls reported | justification: No sample composition for controls provided.,"Yes | justification: Study uses LC-MS/MS to identify and analyze 4,934 proteins, indicating proteomic analysis.",meets ovarian cancer criterion: Yes | meets healthy controls criterion: No | meets proteomics criterion: Yes | justification: Dataset covers ovarian cancer and uses proteomics but lacks healthy control samples.,No,False
PXD042317,,o4-mini-2025-04-16,Yes | justification: Title and description explicitly focus on high-grade serous ovarian cancer and its metastatic environment.,No | evidence: Description does not mention any healthy control samples or normal tissue comparators. | justification: No healthy control group is described.,Not applicable | evidence: No sample composition information provided. | justification: Healthy controls are not included.,No | justification: No proteomic analysis or protein expression profiling is mentioned in the title or description.,"meets ovarian cancer criterion: Yes | meets healthy controls criterion: No | meets proteomics criterion: No | justification: While the dataset focuses on ovarian cancer, it lacks healthy control samples and does not involve proteomic methods.",No,False
PXD000695,,o4-mini-2025-04-16,"Yes | justification: The dataset analyzes exosomes isolated from four epithelial ovarian cancer cell lines (OVCAR3, OVCAR433, OVCAR5, SKOV3).",No | evidence: Description only mentions ovarian cancer cell lines; no healthy control samples are included. | justification: No healthy control group is present in the study.,Not applicable | evidence: No healthy controls provided. | justification: Cannot assess composition without healthy control samples.,Yes | justification: Exosomes were characterized using mass spectrometry-based proteomics.,meets ovarian cancer criterion: Yes | meets healthy controls criterion: No | meets proteomics criterion: Yes | justification: The dataset meets ovarian cancer and proteomics criteria but fails to include healthy controls as required by criterion 2.,No,False
PXD022436,,o4-mini-2025-04-16,Yes | justification: Title and description explicitly refer to early ovarian (cancer) prognostic markers.,Unclear | evidence: No mention of healthy control samples in title or description. | justification: Insufficient information to confirm presence of healthy controls.,Not applicable | evidence: No sample composition details provided. | justification: Cannot assess healthy control proportion without explicit composition data.,Yes | justification: Title and description state the study is proteomics-based.,meets ovarian cancer criterion: Yes | meets healthy controls criterion: No | meets proteomics criterion: Yes | justification: Focuses on ovarian cancer and uses proteomics but lacks evidence of healthy controls.,No,False
PXD024735,,o4-mini-2025-04-16,"No | justification: Study focuses on polycystic ovary syndrome (PCOS) and endometrial tissue, not ovarian cancer.",No | evidence: Description only mentions PCOS patients; no healthy control group described. | justification: No mention of healthy control samples.,Not applicable | evidence: No healthy controls present | justification: No sample composition provided for controls.,Yes | justification: Study investigates the secretory endometrial proteome in PCOS patients.,"meets ovarian cancer criterion: No | meets healthy controls criterion: No | meets proteomics criterion: Yes | justification: Fails ovarian cancer and healthy controls criteria, meets proteomics criterion only.",No,False
PXD025239,,o4-mini-2025-04-16,"Yes | justification: The dataset uses the HEYA8 ovarian epithelial cancer cell line to study ECM1 subtypes, indicating focus on ovarian cancer.",No | evidence: All samples derive from ovarian cancer cell line co-IP experiments; no healthy tissues or cell lines are described. | justification: No healthy control samples are included in the study.,"Not applicable | justification: Healthy controls are absent, so composition criteria cannot be assessed.",Yes | justification: The study employs LC-MS/MS proteomic analysis on co-immunoprecipitated protein samples.,"meets ovarian cancer criterion: Yes | meets healthy controls criterion: No | meets proteomics criterion: Yes | justification: Although the dataset meets ovarian cancer focus and proteomics criteria, it lacks healthy controls, failing criterion 2.",No,False
PXD056566,,o4-mini-2025-04-16,"No | justification: Study uses ovarian granulosa cell line (KGN) and other reproductive cells to investigate PGR interactome for ovulation, not ovarian cancer research.","No | evidence: Dataset comprises only cell lines (KGN, breast cancer cell lines, endometrial stromal cells) with no healthy donor samples. | justification: No healthy control samples are described.",Not applicable | evidence: No healthy control samples present. | justification: Healthy controls not part of study.,Yes | justification: Immunoprecipitation-mass spectrometry was used for proteomic analysis of PGR interactors.,"meets ovarian cancer criterion: No | meets healthy controls criterion: No | meets proteomics criterion: Yes | justification: Although proteomics data are present, the dataset is not focused on ovarian cancer and lacks healthy controls.",No,False
PXD001403,,o4-mini-2025-04-16,Yes | justification: Title and description explicitly mention proteome profiling of ovarian cancer ascites.,"No | evidence: Samples include ascites from ovarian cancer and cirrhosis patients; no healthy control samples are described. | justification: Cirrhosis ascites represents a disease control, not healthy subjects.","Not applicable | evidence: No healthy control samples provided in the dataset. | justification: Healthy controls are absent, so composition criterion cannot be evaluated.",Yes | justification: The study performs proteome profiling of ascites samples.,"meets ovarian cancer criterion: Yes | meets healthy controls criterion: No | meets proteomics criterion: Yes | justification: Dataset focuses on ovarian cancer proteomics but lacks any healthy control samples, failing criterion 2.",No,False
PXD026309,,o4-mini-2025-04-16,Yes | justification: The study includes ovarian cancer cells as one of the cancer types analyzed.,No | evidence: Description only mentions prostate and ovarian cancer cells treated with cisplatin. | justification: No healthy (non-cancer) control samples are described.,Not applicable | evidence: No sample composition or control group information provided. | justification: Cannot assess healthy control proportion in absence of any controls.,"Yes | justification: The HMGB1 interactome was characterized, implying proteomic analysis (e.g., affinity-purification mass spectrometry).","meets ovarian cancer criterion: Yes | meets healthy controls criterion: No | meets proteomics criterion: Yes | justification: While the dataset studies ovarian cancer cells and uses proteomic methods to map the HMGB1 interactome, it lacks any healthy control samples and therefore fails criterion 2.",No,False
PXD012034,,o4-mini-2025-04-16,"No | justification: The study focuses on polycystic ovary syndrome (PCOS) in pregnant women, not on ovarian cancer.",Yes | evidence: “plasma samples from pregnant control women (n = 23)” | justification: The dataset includes a control group of pregnant women without PCOS.,Yes | evidence: 23 controls out of a total of 14 PCOS + 23 controls = 37 samples (~62% controls) | justification: Healthy controls constitute greater than 20% of the total sample cohort.,Yes | justification: The dataset uses label-free quantitative proteomics to analyze the plasma proteome.,"meets ovarian cancer criterion: No | meets healthy controls criterion: Yes | meets proteomics criterion: Yes | justification: Fails criterion 1 (not ovarian cancer), but meets criteria 2 and 3.",No,False
PXD030450,,o4-mini-2025-04-16,Yes | justification: Study uses ovarian cancer tissue for phosphoproteome analysis.,No | evidence: Description mentions only tumor tissues and cell cultures; no healthy/control samples. | justification: No mention of healthy control samples.,Not applicable | evidence: No healthy controls reported. | justification: Sample composition for controls not provided since none were included.,Yes | justification: The dataset is a quantitative phosphoproteomics analysis.,"meets ovarian cancer criterion: Yes | meets healthy controls criterion: No | meets proteomics criterion: Yes | justification: While it covers ovarian cancer phosphoproteomics, it lacks healthy control samples and thus fails the control criterion.",No,False
PXD045423,,o4-mini-2025-04-16,"No | justification: Dataset studies EMT in MCF10A breast epithelial cell line induced by TGF-β, not ovarian cancer.","No | evidence: No mention of healthy control samples; only single-cell profiles of treated cell line. | justification: All samples are from MCF10A cells undergoing EMT, no healthy human controls included.",Not applicable | evidence: None | justification: No healthy controls present to assess composition.,Yes | justification: This is a single-cell proteomic dataset profiling ~420 cells and 1827–4096 proteins at 1% FDR.,"meets ovarian cancer criterion: No | meets healthy controls criterion: No | meets proteomics criterion: Yes | justification: While it is a proteomics study, it is not about ovarian cancer and lacks healthy controls.",No,False
PXD003304,,o4-mini-2025-04-16,"No | justification: The study focuses on Salmonella effector SrfH-induced modifications of ERK2 kinase, with no relevance to ovarian cancer.",No | evidence: Description does not mention any healthy or normal control samples. | justification: No healthy controls described in the dataset.,Not applicable | justification: No healthy controls present to assess composition.,Yes | justification: The project uses mass spectrometry–based proteomics to identify deamidation and phosphorylation sites on ERK2.,"meets ovarian cancer criterion: No | meets healthy controls criterion: No | meets proteomics criterion: Yes | justification: While it is a proteomics study, it neither involves ovarian cancer nor includes healthy controls.",No,False
PXD055609,,o4-mini-2025-04-16,Yes | justification: Title and description explicitly state the study focuses on ovarian cancer (OC) tumors,"No | evidence: Only five metastatic OC tumor samples are described, with no mention of healthy control samples | justification: The dataset includes only tumor samples and does not include any healthy controls",Not applicable | evidence: Sample composition lists only five OC tumors and no healthy controls | justification: No healthy controls are present to assess proportional composition,Yes | justification: The study employs immunopeptidomic analysis (a proteomics approach) to identify HLA-I–presented peptides,"meets ovarian cancer criterion: Yes | meets healthy controls criterion: No | meets proteomics criterion: Yes | justification: While the dataset is proteomic and focused on ovarian cancer, it lacks healthy control samples, failing the healthy control criterion",No,False
PXD054649,,o4-mini-2025-04-16,Yes | justification: Title and description focus on ovarian cancer patient-derived xenograft models.,No | evidence: Description only describes PDX models derived from ovarian tumors with no mention of healthy or normal samples. | justification: No healthy control samples are indicated.,Not applicable | evidence: No healthy controls present | justification: Cannot assess proportion without healthy samples.,Yes | justification: The study employs a quantitative mass spectrometry-based proteomic approach.,meets ovarian cancer criterion: Yes | meets healthy controls criterion: No | meets proteomics criterion: Yes | justification: Meets cancer and proteomics criteria but fails healthy control requirement.,No,False
PXD051282,,o4-mini-2025-04-16,"Yes | justification: Title and description focus on HGSOC, a subtype of ovarian cancer.",No | evidence: Title and description do not mention any healthy control samples. | justification: No indication of inclusion of healthy subjects.,"Not applicable | evidence: No explicit sample composition provided. | justification: Without any healthy controls, composition criteria cannot be assessed.",Yes | justification: Study explicitly involves proteomic analysis of urinary biomarkers.,"meets ovarian cancer criterion: Yes | meets healthy controls criterion: No | meets proteomics criterion: Yes | justification: Although it is a proteomic study on ovarian cancer, it lacks healthy controls required for inclusion.",No,False
PXD052205,,o4-mini-2025-04-16,Yes | justification: The title and description specify the use of ovarian cancer cells (OVCAR8) to study p85beta protein interactions.,No | evidence: Description only mentions ovarian cancer cell line samples. | justification: No healthy control samples are described; only cancer cell line data are used.,"Not applicable | evidence: No sample composition information on healthy controls is provided. | justification: Healthy controls are absent, so composition criteria do not apply.","Yes | justification: The study employs immunoprecipitation followed by mass spectrometry, a proteomic technique.","meets ovarian cancer criterion: Yes | meets healthy controls criterion: No | meets proteomics criterion: Yes | justification: The dataset focuses on ovarian cancer and uses proteomics methods but lacks healthy controls, failing criterion 2.",No,False
PXD066017,,o4-mini-2025-04-16,Yes | justification: The study models high‐grade serous ovarian cancer (HGSOC) precancerous changes in fallopian tube epithelium driven by ovarian cancer‐derived extracellular vesicles.,No | evidence: No mention of samples from healthy donors or untreated controls distinct from cancer‐EV exposures. | justification: The description does not include a cohort of healthy control subjects; all samples are tissue exposed to cancer‐derived EVs.,"Not applicable | evidence: No explicit sample composition provided. | justification: Since no healthy controls are described, composition criteria cannot be applied.",Yes | justification: The platform includes proteomic profiling of extracellular vesicle cargo (tissue‐derived EV proteomics).,"meets ovarian cancer criterion: Yes | meets healthy controls criterion: No | meets proteomics criterion: Yes | justification: While the dataset addresses ovarian cancer and includes proteomic data, it does not include a defined healthy control group, failing criterion 2.",No,False
PXD059026,,o4-mini-2025-04-16,Yes | justification: The title and description focus on ovarian cancer stem cells (OCSCs) and mechanisms in ovarian cancer.,No | evidence: Description does not mention any healthy control samples or comparison with non‐cancerous tissue or cells. | justification: All samples described are ovarian cancer stem cells or tumor‐related in vitro/in vivo models.,Not applicable | evidence: No healthy controls reported. | justification: Healthy control composition cannot be assessed because no controls are included.,"No | justification: Study investigates molecular mechanisms (succinylation, lipid desaturation) and therapeutic response but does not report any proteomic profiling or mass spectrometry data.","meets ovarian cancer criterion: Yes | meets healthy controls criterion: No | meets proteomics criterion: No | justification: While the dataset is about ovarian cancer, it lacks healthy controls and proteomics data, failing criteria 2 and 3.",No,False
PXD006078,,o4-mini-2025-04-16,Yes | justification: Title and description focus on ovarian cancer tumor suppressor OPCML and its role in cancer development,No | evidence: No mention of healthy control samples or normal tissues in description | justification: Study describes proteomics in cancer cell lines/mutants without reference to healthy controls,Not applicable | justification: No healthy controls present,Yes | justification: Describes a quantitative SILAC proteomics experiment on lipid rafts,"meets ovarian cancer criterion: Yes | meets healthy controls criterion: No | meets proteomics criterion: Yes | justification: Although it meets ovarian cancer and proteomics criteria, it lacks healthy control samples, failing inclusion criterion 2",No,False
PXD009571,,o4-mini-2025-04-16,No | justification: The dataset describes a methodological protocol for RNA–protein complex purification (PTex) without any mention of ovarian cancer or related clinical samples.,No | evidence: The description focuses solely on method development and does not mention any sample cohorts or controls. | justification: No healthy control samples are described.,Not applicable | evidence: No sample composition information is provided. | justification: There are no healthy controls in the dataset.,"No | justification: This is a protocol for RNA–protein crosslinking extraction, not a mass-spectrometry-based proteomics study.","meets ovarian cancer criterion: No | meets healthy controls criterion: No | meets proteomics criterion: No | justification: The dataset does not involve ovarian cancer, contains no healthy controls, and is not a proteomics dataset.",No,False
