custom_id,source_list,target_disease,error,model,q1_human_microarray_expression_profiling,q2_target_disease,q3_human_cns_tissue,q4_non_clinical,q5_case_control_design,q6_irrelevant_brain_region,q7_incompatible_technology,q8_inclusion_justification,q9_include_dataset,final_include,in_actual,q7_intermediate_phenotype,q8_familial_alzheimer_disease,q9_incompatible_technology,q10_inclusion_justification,q11_include_dataset,q7_familial_disease,q8_incompatible_technology,q9_inclusion_justification,q10_include_dataset
als-ftd-screened_E-GEOD-12288,als-ftd-screened,ALS-FTD,,o4-mini-2025-04-16,Yes | evidence: Study type: transcription profiling by array; Affymetrix U133A chips | justification: Uses human microarray (Affymetrix U133A) for transcription profiling,"No | evidence: Title and description focus on coronary artery disease (CAD), not ALS-FTD | justification: Dataset investigates CAD, not amyotrophic lateral sclerosis or frontotemporal dementia","No | evidence: Description: gene expression profile in circulating leukocytes | justification: Samples derived from peripheral blood, not CNS tissue","No | evidence: Samples from patients undergoing coronary angiography | justification: Uses primary patient blood samples, not in vitro cell lines or models",Yes | evidence: 110 patients with CAD (CADi>23) and 112 matched controls (CADi=0) | justification: Parallel group case/control design comparing CAD patients vs controls,No | evidence: No brain regions sampled; only blood leukocytes | justification: Not applicable—samples are not from any brain region,No | evidence: Technology: Array assay; RNA assay | justification: All data generated by microarray expression profiling,"justification: Although the study uses human microarrays and a case/control design, it targets coronary artery disease with peripheral blood samples, not ALS-FTD or CNS tissue",No,No,False,,,,,,,,,
als-ftd-screened_E-GEOD-16191,als-ftd-screened,ALS-FTD,,o4-mini-2025-04-16,Yes | evidence: Study type: transcription profiling by array; Technology: Array assay; Affymetrix Human U133 Plus 2.0 GeneChip hybridization | justification: Uses human microarray expression profiling,"No | evidence: Title and description focus on cryptorchidism and fertility; Disease field: Not found | justification: Dataset studies cryptorchidism, not ALS-FTD","No | evidence: Organism part: total testicular; RNA isolated from testicular biopsies | justification: Tissue source is testis, not CNS","No | evidence: Samples derived directly from patient biopsies, not cell culture or model systems | justification: Clinical testicular biopsies, not in vitro lines or disease models",Yes | evidence: Samples from cryptorchid boys and age‐matched controls | justification: Comparison between affected patients and controls,"Yes | evidence: Tissue source is testis, not any brain region | justification: No CNS or brain region sampled",No | evidence: Affymetrix microarray platform (U133 Plus 2.0) | justification: Technology is compatible (microarray),"justification: Although this is human microarray data with a case/control design, it profiles testicular tissue in cryptorchidism, not ALS‐FTD nor CNS tissue, so it fails key disease and tissue criteria.",No,No,False,,,,,,,,,
als-ftd-screened_E-GEOD-21298,als-ftd-screened,ALS-FTD,,o4-mini-2025-04-16,Yes | evidence: Study type: transcription profiling by array; Technology: Array assay; Assay by Molecule: RNA assay | justification: Whole-genome expression measured on microarray platform,"Yes | evidence: Title: Profiling wt SOD versus ALS SOD1(G93A) mutant | justification: Study models the SOD1 mutation that causes ALS, part of the ALS-FTD spectrum","No | evidence: Cell type/line: neuroblastoma SH-SY5Y | justification: Samples derive from an in vitro cell line, not human CNS tissue",Yes | evidence: SH-SY5Y cells stably transfected with SOD1WT or SOD1(G93A) | justification: Study uses patient-derived in vitro cell line model rather than clinical tissue,"No | evidence: Five wt SOD vs five mutant SOD in cell line | justification: Comparison is between engineered cell-line groups, not clinical case/control design",No | evidence: No brain tissue sampled | justification: Study uses only a neuroblastoma cell line,No | evidence: Array assay; RNA assay | justification: Uses compatible microarray expression profiling technology,"justification: Although the study uses human microarray profiling and models an ALS mutation, it is an in vitro cell-line model rather than clinical CNS tissue and lacks a true case/control design; it does not meet inclusion criteria.",No,No,False,,,,,,,,,
als-ftd-screened_E-GEOD-21929,als-ftd-screened,ALS-FTD,,o4-mini-2025-04-16,"No | evidence: Study uses DNA-DNA hybridization microarray for bacterial 16S rRNA profiling | justification: This is a microbial community profiling array, not human gene expression profiling","No | evidence: Samples are from periodontitis patients | justification: The study disease is periodontitis, not ALS-FTD","No | evidence: Source material is gingival crevicular fluid | justification: Samples derive from oral fluid, not CNS tissue",No | evidence: Samples are clinical patient fluid samples | justification: No in vitro cell lines or disease models are used,No | evidence: Comparison is between GCF and subgingival plaque samples | justification: There is no ALS/healthy control group design,"Yes | evidence: Samples are from gingival crevicular fluid, not brain | justification: Study does not involve any CNS region",No | evidence: Technology is microarray-based | justification: Microarray profiling is compatible with inclusion criteria,"justification: Dataset is microbial profiling of gingival fluid in periodontitis, not human CNS microarray in ALS-FTD case/control",No,No,False,,,,,,,,,
als-ftd-screened_E-GEOD-27564,als-ftd-screened,ALS-FTD,,o4-mini-2025-04-16,Yes | evidence: Study type: transcription profiling by array; Technology: Array assay; Assay by Molecule: RNA assay using Affymetrix microarrays. | justification: The study uses Affymetrix microarray technology to profile gene expression in human colon cancer cells.,No | evidence: Description focuses on mouse ileum/colon myofibroblasts and human colon cancer cells; no mention of ALS or FTD. | justification: The dataset is about colon cancer xenografts and not related to amyotrophic lateral sclerosis or frontotemporal dementia.,No | evidence: Samples are from mouse ileum/colon and human colon cancer cells; no CNS or brain tissue is involved. | justification: No human brain or CNS tissue was profiled in this study.,"Yes | evidence: Samples include cultured mouse fibroblasts and human colon cancer cell lines (T84, Caco2) grown in xenografts. | justification: The dataset uses in vitro cell lines and a mouse xenograft disease model rather than clinical patient tissue.",No | evidence: No case/control groups are described; the design is experimental cell/xenograft comparison. | justification: The study does not compare patient cases vs. controls but compares cell types and conditions.,"No | evidence: No brain or CNS regions are sampled; tissues are gut and cancer cells. | justification: Since no brain regions are profiled, there are no irrelevant CNS regions involved.","No | evidence: Uses microarray-based transcription profiling (Affymetrix arrays), not RNA-seq or proteomics. | justification: Technology is compatible with the inclusion criteria for microarray expression profiling.","justification: The dataset does not pertain to ALS-FTD or involve human CNS tissue; it uses non-clinical cell lines and a mouse xenograft model on gut tissues, so it fails key inclusion criteria.",No,No,False,,,,,,,,,
als-ftd-screened_E-GEOD-39643,als-ftd-screened,ALS-FTD,,o4-mini-2025-04-16,"No | evidence: NanoString nCounter miRNA expression assay | justification: Uses NanoString digital counting technology, not microarray expression profiling.",Yes | evidence: Samples include Sporadic amyotrophic lateral sclerosis (SALS) subjects | justification: Dataset includes monocytes from ALS patients.,"No | evidence: Cell type: CD14+CD16- monocytes from peripheral blood | justification: Samples are blood-derived monocytes, not CNS tissue.","No | evidence: Primary human blood monocytes, no cell lines or animal models used | justification: Ex vivo sorted monocytes from human donors, not in vitro cell lines or disease models.","Yes | evidence: Subjects: SALS, MS, and healthy controls | justification: Study compares disease groups against healthy controls.",Yes | evidence: Organism part: peripheral blood monocytes | justification: No brain/CNS regions sampled; blood monocytes are not relevant to CNS pathology sites.,Yes | evidence: NanoString nCounter miRNA expression assay | justification: NanoString miRNA profiling is not microarray expression profiling.,"justification: Excluded: uses non-microarray technology (NanoString), samples peripheral blood monocytes not CNS tissue, and no relevant brain region data.",No,No,False,,,,,,,,,
als-ftd-screened_E-GEOD-40807,als-ftd-screened,ALS-FTD,,o4-mini-2025-04-16,Yes | evidence: Study type: transcription profiling by array; Technology: Array assay; Assay by Molecule: RNA assay | justification: The study uses Agilent human microRNA microarray for expression profiling in patient tissues.,"No | evidence: Title: MiRNA expression profiling in human medullary thyroid carcinoma | justification: The study focuses on medullary thyroid carcinoma, not ALS-FTD.","No | evidence: Source Characteristics: Organism part: thyroid | justification: Samples are from thyroid tissue, not a brain/CNS region.","No | evidence: Sample source: matched tumor and adjacent normal tissue from patients | justification: All samples are clinical tissue specimens, no cell lines or models used.",Yes | evidence: Matched tumor and adjacent normal tissue obtained from patients | justification: The design compares tumor (case) versus adjacent normal (control) tissues.,"Yes | evidence: Organism part: thyroid | justification: The tissue is thyroid, which is not a CNS region relevant to ALS-FTD.","No | evidence: Technology: Array assay | justification: The assay uses microarray technology, which is compatible with expression profiling inclusion criteria.","justification: Although the study uses human microarray profiling and has a case/control design, it investigates thyroid carcinoma tissue rather than CNS tissue and is unrelated to ALS-FTD.",No,No,False,,,,,,,,,
als-ftd-screened_E-GEOD-41414,als-ftd-screened,ALS-FTD,,o4-mini-2025-04-16,Yes | evidence: Technology: Array assay; Assay by Molecule: RNA assay; Organism: Homo sapiens | justification: This is a human transcription profiling study performed using microarray technology.,"Yes | evidence: Description: 'focus on the molecular mechanisms involved in the ALS related atrophy process' | justification: The study explicitly investigates amyotrophic lateral sclerosis (ALS), which falls within the ALS-FTD spectrum.","No | evidence: Organism part: deltoid, quadriceps | justification: Samples are skeletal muscle biopsies, not CNS or brain tissue.","No | evidence: Samples derived from muscle biopsies; no cell lines or model systems mentioned | justification: This is direct patient tissue, not an in vitro cell-line or animal model.","Unclear | evidence: Experimental Factors include DISEASE STATUS but no explicit control group or sample assignments provided | justification: While disease status is listed as a factor, details on healthy controls vs. ALS cases are not described.","No | evidence: Organism part: deltoid, quadriceps | justification: No brain regions are sampled; only skeletal muscle is profiled.","No | evidence: Technology: Array assay | justification: The study uses compatible microarray expression profiling, not RNA-seq or proteomics.","justification: Although this is a human microarray ALS study, it uses skeletal muscle rather than CNS tissue, failing the CNS tissue inclusion criterion.",No,No,False,,,,,,,,,
als-ftd-screened_E-GEOD-44721,als-ftd-screened,ALS-FTD,,o4-mini-2025-04-16,Yes | evidence: Study type: transcription profiling by array; Technology: Array assay | justification: The dataset uses human samples profiled on gene expression microarrays.,"No | evidence: Description makes no mention of ALS, FTD or neurodegeneration; focuses on vaccine‐induced transcription in DCs and monocytes. | justification: The study is about vaccine responses, not ALS-FTD.",No | evidence: Samples are human monocyte-derived DCs and monocytes in vitro; no CNS tissue listed. | justification: No brain or CNS samples were profiled.,"Yes | evidence: Samples are monocyte-derived dendritic cells and monocytes cultured and stimulated in vitro. | justification: The study uses patient-derived immune cells in culture, not clinical tissue samples.","No | evidence: Experimental design describes stimulation conditions (various vaccines, LPS) and no case vs. control groups. | justification: There is no disease vs. healthy control comparison; all samples are stimulated cell cultures.",No | evidence: No brain regions sampled. | justification: Not applicable—no CNS tissues were profiled.,"No | evidence: Technology: Array assay; Assay by molecule: RNA assay. | justification: The dataset uses microarray, which is compatible.","justification: Excluded: not ALS-FTD, no CNS tissue, uses in vitro cell cultures, and lacks case/control design.",No,No,False,,,,,,,,,
als-ftd-screened_E-GEOD-4590,als-ftd-screened,ALS-FTD,,o4-mini-2025-04-16,Yes | evidence: Study type: transcription profiling by array; Technology: Array assay (RNA) | justification: The dataset uses microarray-based transcription profiling on human samples.,"No | evidence: No mention of ALS, FTD or related pathology; study focuses on B cell development | justification: The dataset profiles normal B cell stages, not ALS-FTD patients or pathology.","No | evidence: Source material: human bone marrow B cells, not CNS tissue | justification: Samples are peripheral B cells, not brain or CNS regions.","No | evidence: Primary human B cells sorted by FACS from bone marrow, not cell lines or disease models | justification: Uses ex vivo primary cells rather than in vitro cell lines or engineered models.","No | evidence: Design compares B cell developmental stages, not disease vs. control groups | justification: No case/control comparison between diseased and healthy subjects.",Yes | evidence: Samples derived from bone marrow B cells rather than any brain region | justification: Tissue source is not CNS and hence irrelevant to ALS-FTD–affected regions.,No | evidence: Technology: Array assay for RNA | justification: Microarray is compatible with inclusion criteria.,"justification: The dataset does not involve ALS-FTD, CNS tissue, or a case/control design, so it fails multiple inclusion criteria.",No,No,False,,,,,,,,,
als-ftd-screened_E-GEOD-47554,als-ftd-screened,ALS-FTD,,o4-mini-2025-04-16,"No | evidence: Assays: Array assay on RNA from xenografted tumors in mice | justification: Although microarrays were used, the samples derive from mouse xenografts of a human cell line, not profiling human patient tissue.","No | evidence: Title and Description focus on gastric carcinoma metastasis in a mouse model | justification: The study investigates gastric cancer metastasis, not ALS‐FTD.",No | evidence: Organism part: Xenografted tumors in stomach and ovary | justification: No CNS or brain tissue is profiled.,"Yes | evidence: Description: orthotopic gastric cancer mouse model | justification: This is an experimental in vivo mouse model using engineered tumor cell lines, not clinical patient samples.",No | evidence: Sample count: 4; all from tumor xenografts | justification: No healthy/control group—only tumor‐derived samples were profiled.,No | evidence: Sample tissues: stomach wall and ovarian metastases | justification: No brain regions are sampled at all.,No | evidence: Study type: transcription profiling by array | justification: Microarray technology is compatible with inclusion criteria.,"justification: Excluded: Not ALS-FTD, no human CNS tissue, non-clinical mouse model, no case/control design.",No,No,False,,,,,,,,,
als-ftd-screened_E-GEOD-52390,als-ftd-screened,ALS-FTD,,o4-mini-2025-04-16,Yes | evidence: Study type: transcription profiling by array; Technology: Array assay | justification: Uses Infinium HumanHT-12 microarray platform for gene expression profiling in human samples,"No | evidence: Title: Integrative DNA methylation and gene expression analysis in high-grade soft tissue sarcomas | justification: Study focuses on soft tissue sarcomas, not ALS-FTD",No | evidence: Samples from primary high-grade soft tissue sarcomas and sarcoma cell lines | justification: No CNS or brain tissue samples included,"Yes | evidence: Includes 13 representative sarcoma cell lines (e.g., HT1080, MLS402, SW872) | justification: Contains patient-derived tumor cell lines (in vitro)",No | evidence: Experimental Designs: Not found; no case/control groups defined | justification: No case versus control study design described,"No | evidence: Tissue types are sarcomas, not brain regions | justification: No brain regions sampled, only soft tissue sarcomas",No | evidence: Technology: Array assay | justification: Uses compatible microarray technology,"justification: Dataset is about soft tissue sarcomas and includes tumor cell lines without ALS-FTD patient CNS samples or case/control design, thus not meeting target disease or tissue criteria.",No,No,False,,,,,,,,,
als-ftd-screened_E-GEOD-5287,als-ftd-screened,ALS-FTD,,o4-mini-2025-04-16,Yes | evidence: Study type: transcription profiling by array; Assays and Data: Technology: Array assay; Assay by Molecule: RNA assay | justification: The experiment used Affymetrix GeneChip microarrays to profile RNA from human tumor samples.,"No | evidence: Title: Transcription profiling of human advanced bladder cancer; Description: study of cisplatin response in bladder carcinoma | justification: The dataset focuses on bladder cancer, not ALS-FTD.","No | evidence: Experimental Designs and Samples: tumor material from bladder cancer patients | justification: Samples were taken from bladder tumors, not CNS or brain tissue.","No | evidence: Description: tumor material from 30 patients | justification: The study used primary patient tumor tissue, not in vitro cell lines or disease models.","No | evidence: Description and Experimental Design: correlation of gene expression with survival, no control group | justification: The design is prognostic correlation, not a case versus healthy control comparison.","Yes | evidence: Samples: bladder tumor tissue | justification: Tissue is from bladder, a non-CNS organ irrelevant to ALS-FTD neurodegeneration.","No | evidence: Study type: transcription profiling by array | justification: The technology used is microarray, which is compatible with inclusion criteria.","justification: Although the dataset uses human microarray profiling, it studies bladder cancer rather than ALS-FTD and does not sample CNS tissue, so it does not meet disease or tissue criteria.",No,No,False,,,,,,,,,
als-ftd-screened_E-GEOD-52917,als-ftd-screened,ALS-FTD,,o4-mini-2025-04-16,Yes | evidence: Study type: transcription profiling by array; 53 Affymetrix miRNA 3.0 arrays used for ncRNA profiling. | justification: Uses microarray technology to profile non-coding RNAs in human samples.,"Yes | evidence: Title and description refer to sporadic ALS, familial ALS cases and asymptomatic ALS mutation carriers. | justification: Dataset focuses on amyotrophic lateral sclerosis patients and carriers.","No | evidence: Samples are serum ncRNA profiles; no brain or CNS tissue is mentioned. | justification: Only peripheral (serum) samples were profiled, not CNS tissue.","No | evidence: Profiles obtained from patient serum samples, not from in vitro cell lines or disease models. | justification: Clinical samples directly from human subjects.",Yes | evidence: Comparisons made between ALS patients or mutation carriers and age- and gender-matched healthy controls. | justification: Clear case–control design with matched controls.,Yes | evidence: Sample type is serum rather than any brain region. | justification: No CNS regions were assayed; tissue irrelevant to neurodegeneration site.,No | evidence: Technology: Array assay (Affymetrix miRNA 3.0 arrays). | justification: Microarray expression profiling is compatible with inclusion criteria.,"justification: Although this is a human microarray case–control study of ALS, it uses serum rather than CNS tissue, failing the requirement for relevant brain region sampling.",No,No,False,,,,,,,,,
als-ftd-screened_E-GEOD-59128,als-ftd-screened,ALS-FTD,,o4-mini-2025-04-16,Yes | evidence: Study type: transcription profiling by array; Technology: Array assay | justification: Dataset uses human RNA microarrays,No | evidence: Title and description focus on airway epithelial injury; no mention of ALS or FTD | justification: Not related to ALS-FTD pathology,No | evidence: Samples are airway epithelial basal cells from donated lungs | justification: No CNS or brain tissue included,Yes | evidence: Primary and differentiated airway epithelial cells cultured in vitro and subjected to mechanical injury or stretch | justification: Uses patient‐derived in vitro cell cultures,No | evidence: Experimental factors: injury type vs sham control in cell culture; no clinical case/control groups | justification: Not a case/control design comparing disease vs healthy subjects,"Yes | evidence: Organism part: airway epithelium; no brain regions sampled | justification: Samples are from non‐CNS tissue, not relevant to ALS-FTD sites",No | evidence: Microarray (Array assay) technology used | justification: Compatible with expression profiling by array,"justification: Dataset is non‐CNS, non‐ALS/FTD, in vitro cell model rather than clinical case/control; does not meet key inclusion criteria",No,No,False,,,,,,,,,
als-ftd-screened_E-GEOD-60082,als-ftd-screened,ALS-FTD,,o4-mini-2025-04-16,"Yes | evidence: Study type: transcription profiling by array; Technology: Array assay, RNA assay | justification: Dataset uses microarray-based expression profiling (array assay).","No | evidence: Title and description focus on malignant peripheral nerve sheath tumors (MPNST), not ALS or FTD | justification: The disease studied is MPNST, a peripheral sarcoma, unrelated to ALS-FTD. ",No | evidence: Samples are primary MPNSTs and mouse orthoxenografts of peripheral nerve tissue | justification: No human CNS (brain or spinal cord) tissue was profiled—only peripheral nerve sheath tumors. ,"Yes | evidence: Use of patient-derived MPNST orthoxenograft models in nude mice | justification: This is an in vivo preclinical disease model, not direct patient tissue. ","No | evidence: Study design describes tumor passages and treatment response, no ALS/control groups | justification: No case-control comparison of ALS-FTD patients vs healthy controls. ","Yes | evidence: Tissue sampled is peripheral nerve sheath in mouse xenografts, not CNS regions | justification: Peripheral nerve tumors are irrelevant to ALS-FTD affected CNS regions. ",No | evidence: Technology: Array assay (microarray) | justification: Microarray profiling is compatible with inclusion criteria. ,"justification: Excluded because the dataset studies peripheral nerve sheath tumors in mouse orthoxenografts, not human CNS tissue or ALS-FTD; uses a preclinical model; lacks case/control design; and the disease is irrelevant to ALS-FTD.",No,No,False,,,,,,,,,
als-ftd-screened_E-GEOD-67527,als-ftd-screened,ALS-FTD,,o4-mini-2025-04-16,"Yes | evidence: Study type: transcription profiling by array; Technology: Array assay, RNA assay | justification: The dataset uses human microarray-based transcription profiling of RNA.","No | evidence: Disease: SPOAN (spastic paraplegia, optic atrophy, neuropathy) syndrome | justification: The study focuses on SPOAN syndrome, not ALS-FTD.","No | evidence: Organism part: Skin fibroblast | justification: Samples are skin fibroblasts, not CNS tissue.","Yes | evidence: Source Characteristics: Skin fibroblast | justification: The dataset uses patient-derived fibroblast cells in vitro, not clinical tissue.",Yes | evidence: 4 SPOAN patients vs 4 healthy controls | justification: The study compares patient and control groups in a case/control design.,"Yes | evidence: Organism part: Skin fibroblast | justification: Samples are from skin fibroblasts, not a CNS region affected in ALS-FTD.",No | evidence: Technology: Array assay | justification: The dataset uses compatible microarray technology.,"justification: Although the dataset uses human microarray profiling and a case/control design, it studies SPOAN syndrome in fibroblasts rather than ALS-FTD in CNS tissue.",No,No,False,,,,,,,,,
als-ftd-screened_E-GEOD-68240,als-ftd-screened,ALS-FTD,,o4-mini-2025-04-16,Yes | evidence: Study type: transcription profiling by array; Technology: Array assay; Assay by Molecule: RNA assay | justification: Dataset uses microarray-based gene expression profiling on RNA,"Yes | evidence: Title: hiPSC-derived motor neurons: sporadic ALS patients vs. controls; Disease state: ALS | justification: Focus on amyotrophic lateral sclerosis (ALS), part of ALS-FTD spectrum",No | evidence: Samples are hiPSC-derived motor neurons from peripheral nerve fibroblasts | justification: No direct human CNS tissue samples; cells differentiated in vitro,Yes | evidence: Title and description: hiPSC-derived motor neurons from patient fibroblasts | justification: Involves patient-derived in vitro cell model rather than clinical tissue,"Yes | evidence: Two-condition experiment: ALS patient motor neurons vs. controls; Biological replicates: 3 ALS, 3 controls | justification: Clear case (ALS) versus control design",No | evidence: No brain tissue regions sampled; in vitro differentiated cells | justification: Not applicable as no anatomical brain region is profiled,"No | evidence: Technology: Array assay | justification: Uses microarray, compatible with inclusion criteria","justification: Although the dataset profiles human ALS samples by microarray in a case/control design, it uses patient-derived in vitro hiPSC motor neuron models rather than direct clinical CNS tissue, thus failing exclusion criterion 4.",No,No,False,,,,,,,,,
als-ftd-screened_E-GEOD-7423,als-ftd-screened,ALS-FTD,,o4-mini-2025-04-16,Yes | evidence: Study type: transcription profiling by array; Technology: Array assay; Assay by Molecule: RNA assay | justification: Dataset uses human microarray expression profiling,"No | evidence: Diseases studied: Hereditary Motor and Sensory Neuropathies (HMSN1A, HMSN-LOM) and CCFDN syndrome | justification: Conditions are peripheral demyelinating neuropathies, not ALS-FTD","No | evidence: Samples: human Schwann cell lines (HMSN, CCFDN) | justification: Schwann cells are part of the peripheral nervous system, not CNS tissue",Yes | evidence: Samples are human Schwann cell lines from patients and controls | justification: Study uses patient-derived in vitro cell lines,Yes | evidence: Comparison of Schwann cell lines from neuropathy patients versus healthy subjects | justification: Design includes diseased versus control samples,"Yes | evidence: Organism part: Schwann cells (peripheral glia), not brain regions | justification: No CNS regions sampled; PNS tissue only",No | evidence: Technology: Array assay; Assay by Molecule: RNA | justification: Microarray platform is compatible,"justification: Exclusion: not ALS-FTD, no CNS tissue, uses cell lines; does not meet target disease or tissue criteria",No,No,False,,,,,,,,,
als-ftd-screened_E-MEXP-2280,als-ftd-screened,ALS-FTD,,o4-mini-2025-04-16,Yes | evidence: Study type: transcription profiling by array; Technology: Array assay; Assay by molecule: RNA assay | justification: The dataset uses genome-wide expression profiling via microarray on human RNA samples.,"No | evidence: Title and description list neurodegenerative disorders AD, PSP, PiD and FTD; no mention of ALS or combined ALS-FTD | justification: Although FTD is included, the study does not involve ALS or the ALS-FTD disease spectrum.",Yes | evidence: Description: snap frozen post-mortem tissue from the medial temporal lobe; Organism: Homo sapiens | justification: Samples are human brain (medial temporal lobe) tissue.,"No | evidence: Source characteristics: post-mortem adult brain tissue; no cell lines or in vitro models noted | justification: All samples derive from patient post-mortem tissue, not in vitro or model systems.",Yes | evidence: Description: 5 patients per disease group and 5 control subjects; patients matched to controls | justification: The design compares disease cases to matched control samples.,Yes | evidence: Samples taken from medial temporal lobe | justification: Medial temporal lobe is not a primary region affected in ALS-FTD.,"No | evidence: Technology: Array assay; Study type: transcription profiling by array | justification: The platform is microarray, which is compatible.","justification: Although the study meets technical criteria (human microarray, CNS tissue, case/control), it does not target ALS-FTD and uses an irrelevant brain region, so it fails disease relevance criteria.",No,No,True,,,,,,,,,
als-ftd-screened_E-MEXP-3260,als-ftd-screened,ALS-FTD,,o4-mini-2025-04-16,Yes | evidence: Study type: transcription profiling by array; Technology: Array assay; Assay by Molecule: RNA assay | justification: This is a human microarray-based gene expression profiling study.,"Yes | evidence: Disease: amyotrophic lateral sclerosis | justification: The study focuses on gene expression changes in skeletal muscle of ALS patients, thereby pertaining to ALS (an ALS-FTD spectrum disorder).","No | evidence: Source Characteristics: organism part: muscle | justification: Samples are from skeletal muscle biopsies, not CNS tissue.",No | evidence: Cell type/line: Not found; Organism part: muscle | justification: No patient‐derived in vitro cell lines or disease models are used; samples are direct muscle biopsies.,"Yes | evidence: Experimental Factors: DISEASE_STATE (normal, amyotrophic lateral sclerosis) | justification: The design compares ALS patient samples to healthy control muscle samples.","Yes | evidence: Organism part: muscle | justification: Muscle is not a CNS region affected by ALS‐FTD neurodegeneration, thus outside the relevant tissue scope.","No | evidence: Study type: transcription profiling by array | justification: The technology used is microarray expression profiling, which is compatible.","justification: Although the study meets criteria for human microarray expression profiling, ALS disease focus, and case/control design, it uses skeletal muscle rather than CNS tissue, which is outside the scope of ALS‐FTD CNS profiling.",No,No,False,,,,,,,,,
als-ftd-screened_E-MTAB-1925,als-ftd-screened,ALS-FTD,,o4-mini-2025-04-16,Yes | evidence: Study type: transcription profiling by array; Technology: Array assay | justification: The experiment uses microarray-based transcription profiling on human RNA samples.,"Yes | evidence: Disease: amyotrophic lateral sclerosis (C9ORF72 ALS) | justification: The dataset compares control and ALS patients carrying the C9ORF72 mutation, a form of ALS within the ALS-FTD spectrum.","Yes | evidence: Organism part: motor cortex | justification: Samples are post-mortem human motor cortex tissue, part of the CNS.","No | evidence: Samples: post-mortem brain tissue; no cell lines or in vitro models | justification: All samples are from human post-mortem CNS tissue, not derived cell lines or experimental models.",Yes | evidence: Experimental factor: disease (normal vs ALS) | justification: The study directly compares ALS patient samples to healthy controls in a case/control design.,No | evidence: Organism part: motor cortex | justification: Motor cortex is a primary CNS region affected in ALS and relevant to the disease.,"No | evidence: Technology: Array assay | justification: The dataset uses microarray technology, which is compatible with inclusion criteria.","justification: This dataset meets all inclusion criteria: it is a human microarray study of ALS patient versus control post-mortem CNS tissue (motor cortex) with a case/control design, and does not involve in vitro models or incompatible technologies.",Yes,Yes,True,,,,,,,,,
als-ftd-screened_E-MTAB-1926,als-ftd-screened,ALS-FTD,,o4-mini-2025-04-16,Yes | evidence: Study type: transcription profiling by array; Technology: Array assay; Assay by Molecule: RNA assay | justification: Dataset uses microarray-based transcription profiling on human RNA samples,"No | evidence: Disease: SOD1 mutant amyotrophic lateral sclerosis, C9ORF72 amyotrophic lateral sclerosis; no frontotemporal dementia mentioned | justification: Targets ALS only, without any FTD component","No | evidence: Cell type: fibroblast | justification: Samples are patient-derived fibroblasts, not CNS tissue",Yes | evidence: Experimental design: in_vitro_design; Cell type: fibroblast | justification: Uses patient‐derived fibroblast cell lines in vitro,Yes | evidence: Comparison between ALS patient fibroblasts and healthy control fibroblasts | justification: Design includes case (ALS) and control (healthy) groups,Yes | evidence: Cell type: fibroblast (non-brain tissue) | justification: No CNS region sampled; fibroblasts are outside the nervous system,No | evidence: Study type: transcription profiling by array; Technology: Array assay | justification: Microarray is compatible with the profiling criteria,justification: Excluded because samples are non‐CNS fibroblast cell lines and the study covers ALS only without FTD relevance,No,No,False,,,,,,,,,
als-ftd-screened_E-MTAB-1927,als-ftd-screened,ALS-FTD,,o4-mini-2025-04-16,Yes | evidence: Study type: transcription profiling by array; Technology: Array assay | justification: The experiment uses microarray-based transcription profiling of RNA samples,"No | evidence: Disease: C9ORF72 ALS; SOD1 D90A ALS | justification: Only amyotrophic lateral sclerosis cases are studied, with no mention of frontotemporal dementia","No | evidence: Cell type: neuron differentiated from induced pluripotent stem cell | justification: Samples are in vitro iPSC-derived neurons, not primary human CNS tissue",Yes | evidence: Cell type: neuron differentiated from induced pluripotent stem cell | justification: This is a patient-derived in vitro disease model using iPSC-derived neurons,Yes | evidence: Experimental factor: disease; groups include mutant lines vs controls | justification: Transcriptomes of diseased (ALS mutations) vs control iPSC-neurons are compared,No | evidence: No anatomical source specified | justification: No actual brain region sampling is involved,No | evidence: Technology: Array assay | justification: Microarray expression profiling is used (no RNA-seq or proteomics),"justification: Although the dataset uses human microarray profiling, it is based on in vitro iPSC-derived neurons (non-clinical), involves only ALS (no FTD), and does not use primary CNS tissue, thus failing multiple inclusion criteria.",No,No,False,,,,,,,,,
als-ftd-screened_E-MTAB-2325,als-ftd-screened,ALS-FTD,,o4-mini-2025-04-16,Yes | evidence: Study type: transcription profiling by array; Technology: Generic.SingleColor | justification: Dataset uses microarray-based transcription profiling,"Yes | evidence: Disease: Sporadic Amyotrophic Lateral Sclerosis | justification: Focus on ALS, part of the ALS-FTD spectrum",Yes | evidence: Organism part: v4 cortex | justification: Samples from human motor cortex (CNS tissue),No | evidence: Cell type/line: Not found; Source: patient post‐mortem tissue | justification: No in vitro cell lines or disease models used,Yes | evidence: Experimental Designs: case control design | justification: Includes patients and matched controls,No | evidence: Organism part: motor cortex | justification: Motor cortex is a region significantly affected by ALS,"No | evidence: Technology: array assay; Assay by Molecule: RNA assay | justification: Uses microarray technology, no incompatible methods","justification: Meets all inclusion criteria (human microarray, ALS disease, relevant CNS tissue, case/control) and no exclusion criteria present.",Yes,Yes,True,,,,,,,,,
als-ftd-screened_E-MTAB-4964,als-ftd-screened,ALS-FTD,,o4-mini-2025-04-16,Yes | evidence: Study type: transcription profiling by array; Technology: Array assay; Organism: Homo sapiens | justification: The dataset uses human transcription profiling by microarray (RNA assay).,"No | evidence: Disease: acrolentiginous melanoma, not ALS-FTD | justification: The study focuses on melanoma-associated fibroblasts, not ALS-FTD. ","No | evidence: Organism part: dermis; Cell type: dermal fibroblasts | justification: Samples are dermal fibroblasts, not CNS tissue. ","Yes | evidence: Cell type: control dermal fibroblast, melanoma associated fibroblast, autologous control fibroblast | justification: The dataset uses patient-derived fibroblast cultures (in vitro cell lines).",Yes | evidence: Experimental factor disease: acrolentiginous melanoma vs normal; Experimental design: cell type comparison | justification: The design compares diseased fibroblasts (cases) to control fibroblasts (controls).,No | evidence: No CNS tissue sampled | justification: No brain regions are involved. ,"No | evidence: Technology: Array assay; Assay by molecule: RNA assay | justification: The platform is microarray, which is compatible. ","justification: This dataset does not pertain to ALS-FTD or CNS tissue; instead, it profiles melanoma-associated fibroblasts in skin. It fails disease and tissue criteria.",No,No,False,,,,,,,,,
als-ftd-screened_E-MTAB-6189,als-ftd-screened,ALS-FTD,,o4-mini-2025-04-16,Yes | evidence: Study type: transcription profiling by array; Affymetrix Clariom™ D Assay | justification: Dataset uses human microarray expression profiling,"No | evidence: Title and disease factors describe frontotemporal lobar degeneration (FTLD-TDP) subtypes; no ALS or combined ALS-FTD | justification: Dataset focuses on FTLD only, not ALS-FTD",Yes | evidence: RNA extracted from human frontal cortex area 8 | justification: Samples are from human CNS tissue (postmortem frontal cortex),"No | evidence: Source Characteristics: Organism part: Brodman area 8; no cell line information | justification: Uses postmortem tissue, not in vitro cell lines or models",Yes | evidence: Experimental design: disease state design with controls (n=10) vs sFTLD (n=10) vs fFTLD (n=10) | justification: Includes control and disease groups in a case/control framework,"No | evidence: Organism part: Brodmann area 8, the main area affected in FTLD | justification: Frontal cortex is a region relevant to ALS-FTD spectrum neurodegeneration","No | evidence: Technology: Array assay; Assay by Molecule: RNA assay | justification: Dataset uses microarray technology, which is compatible","justification: Although the dataset meets technical and sample‐type criteria, it does not include ALS or combined ALS‐FTD cases—only FTLD subtypes—so it does not address the target disease spectrum",No,No,True,,,,,,,,,
als-ftd-screened_E-MTAB-656,als-ftd-screened,ALS-FTD,,o4-mini-2025-04-16,Yes | evidence: Technology: Array assay; Organism: Homo sapiens | justification: The study uses array‐based transcription profiling on human samples,"No | evidence: Disease: normal, Frontotemporal lobar degeneration, Alzheimer's disease | justification: The dataset covers FTLD and AD but does not include ALS or ALS‐FTD cases",Yes | evidence: Organism part: middle temporal gyrus | justification: Middle temporal gyrus samples are human CNS tissue,"No | evidence: Cell type/line: Not found | justification: Samples are directly from human brain tissue, not cell lines or models","Yes | evidence: Experimental Factors: DISEASESTATE (normal vs FTLD vs AD) | justification: The design compares disease (FTLD, AD) versus control (normal)","No | evidence: Organism part: middle temporal gyrus | justification: Temporal cortex is affected in frontotemporal dementia, relevant to FTD pathology",No | evidence: Technology: Array assay | justification: The study uses compatible microarray expression profiling,"justification: Although the dataset meets all technical and sample-type criteria, it does not include ALS or ALS-FTD cases, only FTLD and AD.",No,No,True,,,,,,,,,
als-ftd-screened_E-MTAB-850,als-ftd-screened,ALS-FTD,,o4-mini-2025-04-16,Yes | evidence: Study type: transcription profiling by array; Technology: Array assay; Organism: Homo sapiens | justification: Human RNA samples profiled using microarray technology,"No | evidence: Disease: tumour, normal; Study focuses on head and neck squamous cell carcinoma | justification: Dataset investigates cancer, not ALS-FTD","No | evidence: Organism part: oropharynx, larynx, tonsil, oral cavity | justification: Samples derive from head and neck regions, not CNS","No | evidence: Samples described as in vivo tumour and normal tissues, no cell lines mentioned | justification: Clinical tissue biopsies, not in vitro models",Yes | evidence: DiseaseState: normal vs tumour | justification: Includes tumour cases and normal controls,"Yes | evidence: Organism part: oropharynx, larynx, tonsil, oral cavity | justification: Regions sampled are non-CNS and not affected by ALS-FTD",No | evidence: Technology: Array assay; Assay by Molecule: RNA assay | justification: Compatible microarray expression profiling,"justification: Although this dataset uses human microarray profiling and a case/control design, it studies head and neck carcinoma tissue rather than ALS-FTD or CNS regions, so it does not meet target disease or tissue criteria.",No,No,False,,,,,,,,,
als-ftd-screened_E-MTAB-8635,als-ftd-screened,ALS-FTD,,o4-mini-2025-04-16,Yes | evidence: Study type: transcription profiling by array; Technology: Array assay | justification: The dataset uses microarray-based transcription profiling on RNA from human samples.,"Yes | evidence: Disease: sporadic amyotrophic lateral sclerosis | justification: The study focuses on sporadic ALS, which lies on the ALS-FTD disease spectrum.","Yes | evidence: Organism: Homo sapiens; Organism part: first lumbar spinal cord segment | justification: Samples are from human spinal cord tissue, part of the CNS.","No | evidence: Source Characteristics: Organism part: first lumbar spinal cord segment; no cell line mentioned | justification: The dataset uses ex vivo patient tissue, not in vitro cell lines or models.",Yes | evidence: Experimental Designs: case control design; Experimental Factors: disease (sporadic ALS vs normal) | justification: The study compares ALS patient samples to healthy controls.,No | evidence: Organism part: first lumbar spinal cord segment | justification: Spinal cord is a key neurodegeneration site in ALS.,"No | evidence: Technology: Array assay; Assay by Molecule: RNA assay | justification: The dataset employs microarray technology, which is compatible.",justification: The dataset meets all inclusion criteria: human microarray profiling in ALS patient CNS tissue with a case/control design in a relevant region.,Yes,Yes,True,,,,,,,,,
als-ftd-screened_E-TABM-940,als-ftd-screened,ALS-FTD,,o4-mini-2025-04-16,Yes | evidence: Study type: transcription profiling by array; Technology: Array assay; Organism: Homo sapiens | justification: Human whole-blood samples hybridized to Affymetrix microarrays (HgU133vII),"No | evidence: Disease: PROBABLE diagnosis of ALS, DEFINITIVE diagnosis of ALS | justification: Dataset focuses on ALS only; no indication of frontotemporal dementia involvement",No | evidence: Organism part: Blood | justification: Samples derived from peripheral blood rather than CNS/brain tissue,No | evidence: Cell type/line: Not found; Experimental design includes in_vivo_design | justification: Uses patient blood samples; no cell lines or disease models,Yes | evidence: ALS whole blood samples vs non-diseased control whole blood samples | justification: Clear case (ALS) vs control (healthy) comparison,Yes | evidence: Organism part: Blood | justification: Blood is not a neural tissue region affected by ALS-FTD,No | evidence: Study type: transcription profiling by array; Technology: Array assay | justification: Uses microarray technology compatible with inclusion criteria,justification: Excludes: not CNS tissue and does not cover ALS-FTD phenotype; only ALS blood profiles are provided,No,No,False,,,,,,,,,
alzheimer-screened_E-GEOD-30951,alzheimer-screened,AD,,o4-mini-2025-04-16,Yes | evidence: Study type: transcription profiling by array; Technology: Array assay; Assay by Molecule: RNA assay | justification: The study uses microarray-based transcription profiling of RNA.,"No | evidence: Disease: TLR3-/- Patient, MyD88-/- Patient, UNC93B-/- Patient, Healthy, TLR3+/- Patient | justification: The dataset focuses on TLR3 deficiency and related immune receptor deficiencies, not Alzheimer’s disease.","No | evidence: Cell type: skin fibroblast, PBMC; Organism part: not found | justification: Samples are fibroblasts and peripheral blood mononuclear cells, not CNS or brain tissue.","Yes | evidence: Fibroblast cells were cultured in DMEM; PBMCs were cultured in RPMI | justification: Patient-derived fibroblast and PBMC cultures represent in vitro cell models, not ex vivo tissue samples.","Yes | evidence: 3 healthy controls, 1 AD TLR3-deficient patient, 1 AR TLR3-deficient patient, etc. | justification: The study compares gene expression between deficient patients and healthy control donors.",No | evidence: No CNS or brain regions sampled | justification: No brain regions were involved in the study.,,,,No,False,"No | evidence: Disease state: TLR3-/- Patient, MyD88-/- Patient, UNC93B-/- Patient | justification: No Alzheimer’s disease phenotypes or Braak staging are reported.","No | evidence: Disease state: TLR3-/- Patient, MyD88-/- Patient, UNC93B-/- Patient | justification: Study does not involve Alzheimer’s disease, familial or sporadic.","No | evidence: Study type: transcription profiling by array; Technology: Array assay | justification: The technology used is microarray expression profiling, which is compatible.","justification: This dataset is not relevant to Alzheimer’s disease, does not involve human CNS tissue, and uses in vitro cell cultures rather than patient brain samples, so it fails the key inclusion criteria.",No,,,,
alzheimer-screened_E-GEOD-32390,alzheimer-screened,AD,,o4-mini-2025-04-16,Yes | evidence: Study type: transcription profiling by array; Technology: Array assay | justification: The dataset uses array-based transcription profiling of RNA from human samples,"No | evidence: Disease state: herpes simplex virus type 1 (HSV1) encephalitis | justification: The study focuses on TRIF deficiency in HSE patients, not Alzheimer’s disease","No | evidence: Cell type: PBMC, Fibroblasts; Organism part: Not specified | justification: Samples are peripheral blood mononuclear cells and fibroblasts, not CNS tissue","Yes | evidence: Cell type: PBMC, Fibroblasts; In vitro culture conditions described | justification: The study uses patient-derived in vitro cell lines rather than clinical tissue samples",Yes | evidence: Samples include diseased patients and healthy controls | justification: Design contrasts patient-derived cells with cells from healthy individuals,No | evidence: No brain regions sampled; only PBMC and fibroblasts | justification: No CNS or brain region samples are included,,,,No,False,No | evidence: Disease state: HSE patients; no AD staging information | justification: The dataset does not involve Alzheimer’s phenotypes or Braak staging,"No | evidence: Disease studied: TRIF deficiency in HSE; no AD cases | justification: No Alzheimer’s disease cases, familial or sporadic, are included","No | evidence: Technology: Array assay | justification: The assay is a microarray platform, compatible with inclusion criteria","justification: Excluded because it does not pertain to Alzheimer’s disease, uses peripheral cell lines rather than human CNS tissue, and focuses on an in vitro HSE model",No,,,,
alzheimer-screened_E-GEOD-38652,alzheimer-screened,AD,,o4-mini-2025-04-16,Yes | evidence: Study type: transcription profiling by array; Technology: Array assay; Assay by Molecule: RNA assay | justification: Uses microarray-based transcription profiling on human samples,"No | evidence: Title and description focus on TBK1 deficiency and HSE, not Alzheimer’s disease | justification: Dataset addresses TBK1-related innate immunity in fibroblasts, not AD",No | evidence: Samples are skin fibroblast cell lines | justification: No human brain or CNS tissue was sampled,"Yes | evidence: Use of patient-derived fibroblast cell lines cultured in vitro | justification: Study uses in vitro skin fibroblast lines, not clinical tissue",Yes | evidence: Includes healthy control fibroblasts (n=3) and patient fibroblasts (n=2+) | justification: Design compares patient-derived lines to controls,No | evidence: No brain regions sampled | justification: Only fibroblast cell lines were profiled,,,,No,False,No | evidence: No AD phenotypes or Braak staging reported | justification: Dataset does not involve Alzheimer’s phenotypes,"No | evidence: No mention of Alzheimer’s disease cases, familial or sporadic | justification: Not an AD dataset",No | evidence: Assay is microarray-based RNA profiling | justification: No RNA-seq or proteomic methods used,"justification: Dataset is not about Alzheimer’s disease, involves non-CNS fibroblast cell lines in vitro; does not meet disease or tissue criteria.",No,,,,
alzheimer-screened_E-MEXP-1913,alzheimer-screened,AD,,o4-mini-2025-04-16,Yes | evidence: Study type: transcription profiling by array; Technology: Array assay; Affymetrix arrays used | justification: The dataset uses Affymetrix microarrays for genome-wide expression profiling of RNA.,Yes | evidence: Title and description explicitly reference Alzheimer’s disease (AD) and beta-amyloid peptides | justification: The study investigates APP processing and Abeta42/40 levels relevant to AD pathophysiology.,"No | evidence: Samples are from the human neuroblastoma cell line SH-SY5Y, not primary CNS tissue | justification: No brain or CNS tissue samples were profiled; only an in vitro cell line was used.","Yes | evidence: Cell line: SH-SY5Y transfected with APP constructs; Experimental design: in_vitro_design | justification: The dataset is derived entirely from patient-derived in vitro neuroblastoma cell lines, not clinical samples.","No | evidence: Experimental design includes transcript_identification_design and in_vitro_design, not case/control | justification: There is no comparison of AD cases versus healthy controls; only transfected cell clones were compared.","No | evidence: No brain regions sampled; only cell line experiments | justification: Irrelevant for tissue-based region criteria, as no brain tissue was used.",,,,No,False,No | evidence: No clinical staging (Braak) or intermediate AD phenotypes reported | justification: The study does not involve human AD samples or Braak staging; it models Abeta changes in cell lines.,No | evidence: No familial AD cases; only neuroblastoma cell lines | justification: No information on familial AD; the dataset is an in vitro model system.,No | evidence: Technology: Array assay (Affymetrix microarray) | justification: The platform is compatible microarray expression profiling.,"justification: Although the study uses human microarrays and addresses AD-related biology, it is an in vitro cell line model rather than primary human CNS tissue and lacks a case/control design, so it fails key inclusion criteria.",No,,,,
alzheimer-screened_E-MEXP-2280,alzheimer-screened,AD,,o4-mini-2025-04-16,Yes | evidence: Study type: transcription profiling by array | justification: This is a genome‐wide expression profiling study using microarray technology,"Yes | evidence: Experimental factor disease includes ""Alzheimer's disease"" | justification: Dataset includes AD patient samples",Yes | evidence: Source characteristic Organism part: medial temporal lobe | justification: Samples are from post‐mortem human brain tissue,No | evidence: Samples are snap‐frozen post‐mortem tissue | justification: No in vitro cell lines or disease models are used,Yes | evidence: 5 AD patients versus 5 control subjects | justification: Study contrasts disease cases with matched controls,No | evidence: Organism part: medial temporal lobe | justification: Medial temporal lobe is affected in AD,,,,Yes,True,No | evidence: Disease staging includes Braak stage 6 | justification: Includes end‐stage (V/VI) AD samples,No | evidence: Clinical/familial info does not specify familial AD | justification: Cases are presumed sporadic,No | evidence: Technology: Array assay | justification: Microarray expression profiling is compatible,justification: Human microarray profiling of sporadic AD post‐mortem medial temporal lobe with end‐stage Braak V/VI samples in a case/control design; meets all criteria,Yes,,,,
alzheimer-screened_E-MTAB-1841,alzheimer-screened,AD,,o4-mini-2025-04-16,Yes | evidence: Study type: transcription profiling by array; Technology: Array assay; Organism: Homo sapiens | justification: Uses human-derived samples (SH-SY5Y) and microarray expression profiling,No | evidence: Source characteristics: Disease: Not found; Samples are not from AD patients | justification: Study investigates Abeta treatment in vitro rather than AD patient samples,"No | evidence: Cell type/line: SH-SY5Y; Source: in vitro cultured cells | justification: Samples are from a neuroblastoma cell line, not human CNS tissue",Yes | evidence: Experimental designs: in_vitro_design; Cell line: SH-SY5Y | justification: Dataset uses an in vitro neuroblastoma cell line model,"No | evidence: Experimental designs: compound_treatment_design, time_series_design; No case/control groups described | justification: Design is time series of treatments, not patient case vs control comparison",No | evidence: No tissue region sampled | justification: Not applicable—no brain region involvement,,,,No,False,No | evidence: Disease state/staging: Not found | justification: No AD phenotype staging; samples are cell line treatments,"No | evidence: Clinical/familial: Not found | justification: No AD cases, familial or sporadic, are included",No | evidence: Technology: Array assay; Assay by Molecule: RNA assay | justification: Microarray technology is compatible,"justification: Fails inclusion on multiple criteria: uses an in vitro cell line model (non-clinical), no AD patient CNS tissue, and no case/control design.",No,,,,
alzheimer-screened_E-MTAB-2325,alzheimer-screened,AD,,o4-mini-2025-04-16,Yes | evidence: Study type: transcription profiling by array; Technology: Generic.SingleColor.014850 | justification: Microarray–based expression profiling performed on human samples,"No | evidence: Experimental Factors > Source Characteristics: Disease: Sporadic Amyotrophic Lateral Sclerosis | justification: Dataset is about ALS, not Alzheimer’s disease",Yes | evidence: Source Characteristics: Organism part: v4 cortex | justification: Samples derived from human motor cortex tissue,"No | evidence: No cell lines or in vitro models mentioned | justification: All samples are post-mortem human tissue, not cell-based or animal models",Yes | evidence: Experimental Designs: case control design | justification: Study compares ALS cases versus controls,No | evidence: Organism part: v4 cortex | justification: Cortex is a neocortical region relevant to neurodegeneration studies,,,,No,False,"No | evidence: No staging information provided | justification: Only ALS versus control classification, no AD Braak staging","No | evidence: Disease: Sporadic Amyotrophic Lateral Sclerosis | justification: Not an AD dataset, and ALS cases are sporadic","No | evidence: Study type: transcription profiling by array | justification: Uses microarray technology, which is compatible","justification: Although the dataset meets technical criteria (human microarray, CNS tissue, case/control), it studies ALS rather than Alzheimer’s disease and is therefore not relevant.",No,,,,
alzheimer-screened_E-MTAB-6094,alzheimer-screened,AD,,o4-mini-2025-04-16,Yes | evidence: Study type: transcription profiling by array; Technology: Array assay; Assay by Molecule: RNA assay | justification: The dataset uses microarray-based genome-wide mRNA expression profiling in human samples.,Yes | evidence: Description: Whole genome transcriptional analysis of Alzheimer's disease patients; Disease: Alzheimers disease | justification: The study specifically compares AD patients to age-matched non-demented controls.,"No | evidence: Source Characteristics: organism part: blood; Cell type: mononuclear cell | justification: Samples are peripheral blood mononuclear cells, not CNS or brain tissue.","No | evidence: Source Characteristics: Cell type: mononuclear cell; Organism part: blood | justification: Samples are directly from patient blood, not in vitro cell lines or disease models.",Yes | evidence: Description: 25 AD patients and 15 age-matched controls | justification: The study compares diseased cases versus non-demented control subjects.,No | evidence: Organism part: blood | justification: No brain regions are sampled; tissue is peripheral blood.,,,,No,False,"No | evidence: Disease staging: clinical dementia rate 1 and 3 | justification: Samples are classified by clinical dementia rate, not intermediate Braak stages.",No | evidence: Clinical/familial: Not found | justification: No indication that cases are familial AD; presumed sporadic.,"No | evidence: Study type: transcription profiling by array | justification: The technology used is microarray, which is compatible with inclusion.","justification: Although the study meets criteria for human microarray profiling of AD with a case/control design, it uses peripheral blood samples rather than CNS tissue. Per inclusion criteria, only CNS-derived samples from relevant AD-affected regions are eligible.",No,,,,
alzheimer-screened_E-MTAB-656,alzheimer-screened,AD,,o4-mini-2025-04-16,Yes | evidence: Study type: transcription profiling by array; Technology: Array assay | justification: The experiment uses array-based transcription profiling of human RNA.,Yes | evidence: Description: individuals affected by Alzheimer's disease; Experimental Factors: Disease: Alzheimer's disease | justification: The dataset includes samples from AD patients.,"Yes | evidence: Source Characteristics: Organism part: middle temporal gyrus | justification: Samples are from human temporal cortex, a CNS region.","No | evidence: No cell lines or in vitro models mentioned; samples are human brain tissue | justification: All samples are postmortem human tissue, not cell culture or animal models.",Yes | evidence: Experimental Designs: disease_state_design; Experimental Factors: DISEASESTATE with normal and Alzheimer's disease | justification: There is a direct comparison between AD cases and cognitively normal controls.,No | evidence: Organism part: middle temporal gyrus | justification: Temporal cortex is affected in AD and is a relevant region.,,,,Yes,True,No | evidence: DiseaseState includes Alzheimer's disease without mention of intermediate staging | justification: The AD group represents clinical disease rather than intermediate phenotypes.,"No | evidence: ClinicalHistory lists Alzheimer's disease but no familial AD categories | justification: AD cases appear sporadic, with no familial AD mutations reported.","No | evidence: Technology: Array assay; Assay by Molecule: RNA assay | justification: The dataset uses microarray technology, not RNA-seq or proteomics.","justification: This dataset meets all criteria: it is human microarray data from a relevant AD-affected brain region, includes AD vs normal case/control groups, involves sporadic AD, and uses compatible technology.",Yes,,,,
alzheimer-screened_E-MTAB-7852,alzheimer-screened,AD,,o4-mini-2025-04-16,Yes | evidence: Study type: transcription profiling by array; Affymetrix Gene Chip Human Exon 1.0 ST array | justification: Dataset uses human microarray expression profiling,"Yes | evidence: Experimental Factors: Disease: normal, Alzheimer disease; Cell line AD4F-1 | justification: Includes Alzheimer disease vs normal as an experimental factor",No | evidence: Cell type: induced pluripotent stem cell; cultures of hiPS cells differentiated in vitro | justification: No direct sampling of human brain/CNS tissue; only cell cultures,"Yes | evidence: Cultures of hiPS cells and neuronal cell cultures derived from hiPS | justification: In vitro patient-derived cell lines, not clinical patient samples","No | evidence: Experimental Designs: disease state design, development or differentiation design; comparisons across differentiation time points | justification: No case/control comparison of AD patients vs controls in tissue",No | evidence: No brain region specified; samples are cell cultures | justification: Not applicable—no brain region sampling,,,,No,False,"No | evidence: No disease staging or Braak stage information provided | justification: Dataset focuses on differentiation time points, not AD pathology stages",Unclear | evidence: Cell line AD4F-1 annotated as 'Alzheimer disease' but no familial/sporadic status given | justification: Familial vs sporadic AD status not specified,No | evidence: Affymetrix microarray assay; RNA assay | justification: Technology is compatible with microarray expression profiling,"justification: Although it uses human microarrays and includes an AD factor, the dataset is based on hiPS-derived neuronal cultures (in vitro model) rather than clinical brain tissue and lacks a proper case/control tissue design, so it does not meet inclusion criteria.",No,,,,
alzheimer-screened_E-MTAB-8283,alzheimer-screened,AD,,o4-mini-2025-04-16,Yes | evidence: Study type: Human - One-color microarray; Technology: Array assay | justification: The assay is a human one‐color microarray profiling miRNA in brain tissue,Yes | evidence: Title: miRNA PCR Array of cortex tissue from Alzheimer disease (AD)...; Disease: Alzheimer's disease | justification: The study explicitly profiles samples from Alzheimer’s disease subjects,Yes | evidence: Organism part: brain; Sample source: cortex tissue | justification: Samples are derived from human cortical brain tissue,"No | evidence: Cell type/line: Not found; Source Characteristics: Organism part: brain | justification: All samples are from post‐mortem human brain tissue, not in vitro models or cell lines",Yes | evidence: Experimental Designs: disease state design; Experimental Factors: disease staging | justification: The study compares Alzheimer’s disease cases against normal and high‐pathological control groups,No | evidence: Organism part: brain; Cortex tissue | justification: Cortex is a neocortical region affected in AD,,,,No,False,"Unclear | evidence: Clinical/familial information lists low and intermediate neurofibrillary tangles | justification: No explicit Braak V/VI staging is provided, so the AD samples’ NFT stage is uncertain",No | evidence: Clinical/familial: no familial AD indicated | justification: The dataset does not specify familial AD cases,"No | evidence: Study type: microarray; Technology: Array assay | justification: The platform is a microarray assay, compatible with inclusion","justification: While the dataset is human, uses microarray profiling on relevant AD cortex tissue, and employs a case/control design, the absence of explicit Braak V/VI staging for AD samples makes it uncertain if it meets the criterion for advanced neurofibrillary pathology.",No,,,,
lbd-screened_E-GEOD-16658,lbd-screened,LBD,,o4-mini-2025-04-16,Yes | evidence: Study type: transcription profiling by array; miRNA profiling on Exiqon microarrays | justification: Platform is microarray-based expression profiling of human miRNAs,Yes | evidence: Title and description refer to Parkinson’s disease patients | justification: Parkinson’s disease is a Lewy body disease,No | evidence: Samples are peripheral blood mononuclear cells (PBMCs) | justification: PBMCs are not CNS tissue,No | evidence: Samples derived directly from patient blood | justification: No cell lines or in vitro models used,Yes | evidence: Study compares 19 PD patients and 13 controls | justification: Classic case/control design,"Yes | evidence: Source material is PBMCs, not brain tissue | justification: Peripheral blood is not a CNS region affected by LBD",,,,No,False,,,,,,No | evidence: Described as idiopathic PD | justification: Idiopathic indicates sporadic cases,No | evidence: Microarray assay | justification: Microarrays are compatible with inclusion,"justification: Although this is a human microarray case/control study of idiopathic PD, it uses PBMCs rather than CNS tissue, so it fails the CNS tissue inclusion criterion.",No
lbd-screened_E-GEOD-29889,lbd-screened,LBD,,o4-mini-2025-04-16,Yes | evidence: Technology: Array assay; Assay by Molecule: RNA assay | justification: This is a genome-wide expression analysis using microarray (array assay) on human cells.,"No | evidence: Description: study focuses on Hepatitis C virus infection in hepatoma cells; no mention of Lewy body disease. | justification: The dataset concerns HCV infection, not Lewy body diseases.","No | evidence: Samples: Huh-7 derived hepatoma cell cultures; no CNS or brain tissue. | justification: Only liver cancer cell lines are used, no human brain/CNS tissue.",Yes | evidence: Description: in vitro Huh-7 derived hepatoma cell cultures used to study HCV susceptibility/resistance. | justification: The study uses patient-derived in vitro cell lines rather than primary human tissue.,"No | evidence: Comparisons are between cell line subclones (susceptible vs resistant) or infected vs uninfected cells, not clinical case/control subjects. | justification: No human case/control clinical cohorts; it’s an in vitro experimental comparison.",No | evidence: No brain or CNS regions sampled. | justification: Brain region relevance is not applicable as no brain tissue is involved.,,,,No,False,,,,,,"No | evidence: No mention of any disease state, familial or sporadic. | justification: The dataset is unrelated to LBD or any familial disease context.",No | evidence: Technology: Array assay | justification: Microarray platform is compatible; no RNA-seq or proteomics used.,"justification: The dataset is an in vitro microarray study of hepatoma cell lines infected with HCV, not human CNS tissue or LBD cases, thus failing multiple inclusion criteria.",No
lbd-screened_E-GEOD-70845,lbd-screened,LBD,,o4-mini-2025-04-16,Yes | evidence: Study type: transcription profiling by array; Technology: Array assay; Organism: Homo sapiens | justification: The dataset uses human samples and array-based transcription profiling,"No | evidence: Description: exploring molecular mechanism of manganese induced neurotoxicity; Disease: Not found | justification: This study investigates manganese neurotoxicity in SH-SY5Y cells, not Lewy body diseases","No | evidence: Cell type/line: SHSY5Y neuroblastoma cell line; Organism part: Not found | justification: Samples are derived from an in vitro neuroblastoma cell line, not human CNS tissue","Yes | evidence: Cell type/line: SHSY5Y neuroblastoma cell line | justification: The study uses an in vitro cell line model, not patient tissue","No | evidence: Experimental design: treatment vs control in cell line | justification: This is a treatment experiment in cell culture, not a clinical case/control disease study",No | evidence: Organism part: Not found | justification: No brain regions are sampled; data come from cell lines,,,,No,False,,,,,,No | evidence: Clinical/familial: Not found | justification: No indication of familial Lewy body disease cases,No | evidence: Technology: Array assay | justification: Microarray is a compatible technology,"justification: Excluded because it does not study Lewy body diseases in human CNS tissue, uses an in vitro cell line model, and lacks a clinical case/control design",No
lbd-screened_E-MEXP-18,lbd-screened,LBD,,o4-mini-2025-04-16,Yes | evidence: Study type: transcription profiling by array; Technology: Array assay; Organism: Homo sapiens | justification: Dataset uses human samples and microarray-based expression profiling,"No | evidence: Experimental Factors > Source Characteristics: Disease: cancer; DiseaseState: cancer | justification: Dataset pertains to cancer, not Lewy body diseases","Yes | evidence: Organism part: caudate nucleus | justification: Includes human caudate nucleus tissue, a CNS region",Yes | evidence: CellLine: Daudi; CellType: hepatocyte | justification: Includes in vitro cell lines and non-tissue samples,"No | evidence: Experimental Designs: organism_part_comparison_design, disease_state_design; no defined LBD case vs control | justification: No clear case/control comparison for disease state",No | evidence: Organism part: caudate nucleus | justification: Caudate nucleus is a CNS region relevant to LBD pathology,,,,No,False,,,,,,No | evidence: Clinical/familial: Not found | justification: No indication that samples derive solely from familial LBD cases,"No | evidence: Technology: Array assay; Assay by Molecule: RNA assay | justification: Uses microarray technology, which is compatible","justification: Although the dataset uses human microarray on relevant CNS tissue, it does not study Lewy body diseases, involves cancer samples and in vitro cell lines, and lacks a case/control design for LBD.",No
lbd-screened_E-MTAB-1194,lbd-screened,LBD,,o4-mini-2025-04-16,Yes | evidence: Study type: transcription profiling by array; Technology: Array assay; Molecule: RNA assay | justification: Uses human microarray for gene expression profiling,Yes | evidence: Disease: Parkinson's disease | justification: Parkinson’s disease is a Lewy body disease,Yes | evidence: Organism part: frontal lobe | justification: Samples derived from human frontal cortex,No | evidence: Samples are from postmortem brain tissue; no cell lines or in vitro models | justification: Study uses ex vivo human tissue only,"Yes | evidence: Disease state: normal, Parkinson’s disease; Experimental design: disease_state_design | justification: Includes both Parkinson cases and healthy controls",No | evidence: Organism part: frontal lobe | justification: Frontal cortex is affected in Parkinson’s disease and other LBD,,,,Yes,True,,,,,,No | evidence: Clinical/familial: Not found | justification: No indication that subjects are familial cases,"No | evidence: Technology: Array assay | justification: Data generated by microarray, which is compatible","justification: Meets all inclusion criteria: human microarray profiling of a Lewy body disease (Parkinson’s), uses relevant CNS tissue, case/control design, sporadic cases, no incompatible technology or in vitro models.",Yes
lbd-screened_E-MTAB-2325,lbd-screened,LBD,,o4-mini-2025-04-16,Yes | evidence: Study type: transcription profiling by array; Technology: Generic.SingleColor.014850 | justification: The dataset uses human microarray-based transcription profiling,"No | evidence: Disease: normal, Sporadic Amyotrophic Lateral Sclerosis | justification: The study focuses on ALS, not Lewy body diseases",Yes | evidence: Organism part: v4 cortex; Title: motor cortex | justification: Samples are from human motor cortex (CNS tissue),"No | evidence: Samples derived from patient post-mortem tissue; no cell lines mentioned | justification: The study uses post-mortem brain tissue, not in vitro models",Yes | evidence: Experimental Designs: case control design | justification: The study compares ALS cases with control subjects,Yes | evidence: Organism part: motor cortex | justification: Motor cortex is not a primary region affected in Lewy body diseases,,,,No,False,,,,,,"No | evidence: Disease: Sporadic Amyotrophic Lateral Sclerosis | justification: The ALS cases are sporadic, not familial",No | evidence: Technology: Array assay | justification: The technology is compatible microarray profiling,"justification: The dataset is not about Lewy body diseases and samples are from an irrelevant brain region (motor cortex), thus it fails disease and region criteria",No
lbd-screened_E-MTAB-2374,lbd-screened,LBD,,o4-mini-2025-04-16,Yes | evidence: Study type: transcription profiling by array; Technology: Array assay (HG U133 Plus 2.0 arrays) | justification: This is human microarray expression profiling using Affymetrix U133 Plus 2.0 arrays.,"No | evidence: Description: transcriptional profiling of cerebrospinal fluid cells of multiple sclerosis and control patients | justification: The study focuses on multiple sclerosis, not Lewy body diseases.","No | evidence: Source Characteristics: organism part: cerebrospinal fluid | justification: Samples are CSF cells, not brain/CNS tissue regions relevant to LBD.","No | evidence: Sample source: fresh cerebrospinal fluid samples from patients | justification: This is an ex vivo clinical sample study, not patient‐derived in vitro cell lines or disease models.",Yes | evidence: Experimental Factor: disease (multiple sclerosis vs non-multiple sclerosis control) | justification: The design compares disease cases to controls in a disease state design.,Yes | evidence: Source Characteristics: cerebrospinal fluid | justification: CSF is not a brain region significantly affected by LBD neurodegeneration.,,,,No,False,,,,,,No | evidence: No familial or genetic inheritance information reported | justification: There is no indication of familial LBD cases; the study is on sporadic MS.,"No | evidence: Technology: Array assay; Assay by Molecule: RNA assay | justification: The platform is microarray, which is compatible.",justification: Excluded because the dataset is about multiple sclerosis not Lewy body diseases and uses CSF rather than brain regions relevant to LBD.,No
lbd-screened_E-MTAB-4164,lbd-screened,LBD,,o4-mini-2025-04-16,Yes | evidence: Study type: transcription profiling by array; Technology: Array assay | justification: The study uses human samples profiled on a microarray platform.,"Yes | evidence: Disease: parkinson's disease | justification: Parkinson's disease is a Lewy body disease, meeting the LBD target.","No | evidence: Cell type: olfactory neurosphere-derived cell | justification: Samples are patient‐derived olfactory epithelial cells, not CNS/brain tissue.",Yes | evidence: Description: Rotenone susceptibility phenotype in olfactory derived patient cells as a model of idiopathic PD | justification: The study uses patient‐derived in vitro cell models rather than clinical tissue.,Yes | evidence: Experimental Designs: case control design | justification: The design compares PD‐derived cells to age- and gender-matched healthy controls.,Yes | evidence: Organism part: not found; cell type: olfactory neurosphere-derived cell | justification: Olfactory epithelium is not a CNS region significantly affected by LBD pathology.,,,,No,False,,,,,,"No | evidence: Description: idiopathic Parkinson’s disease | justification: The study involves sporadic (idiopathic) PD cases, not familial LBD.","No | evidence: Technology: Array assay; Assay by Molecule: RNA assay | justification: The platform is microarray expression profiling, which is compatible.","justification: Although this study uses human microarrays and targets PD, it employs patient-derived olfactory cell models rather than CNS tissue, violating the requirement for human brain samples.",No
lbd-screened_E-MTAB-6667,lbd-screened,LBD,,o4-mini-2025-04-16,Yes | evidence: Study type: transcription profiling by array; Technology: Array assay; Assay by Molecule: RNA assay | justification: This is a human gene expression study using microarray technology,No | evidence: Title and description focus on cis-eQTLs in immune cells and gut biopsies; no mention of Lewy body diseases or PD | justification: The dataset is not about Lewy body diseases,"No | evidence: Organism part: blood, rectum, transverse colon, ileum | justification: Samples are immune cells and gut biopsies, not CNS tissue",No | evidence: Samples are primary immune cell types and gut biopsies from donors | justification: No in vitro cell lines or disease models are used,No | evidence: No experimental design listed; cohort of healthy individuals for eQTL analysis | justification: Study is not structured as case vs control,No | evidence: No brain regions sampled | justification: Only immune cells and gut tissues were profiled,,,,No,False,,,,,,No | evidence: Cohort consists of healthy European individuals without reported familial LBD | justification: No familial Lewy body disease cases,No | evidence: Platform is microarray; RNA assay | justification: Technology is compatible with microarray expression profiling,"justification: Fails key criteria: not LBD, no CNS tissue, no case/control design; therefore excluded",No
lbd-screened_E-MTAB-7,lbd-screened,LBD,,o4-mini-2025-04-16,Yes | evidence: Study type: transcription profiling by array; Technology: Array assay | justification: Dataset uses human microarray expression profiling by array,"No | evidence: Title: Transcription profiling of 51 human breast cancer cell lines; Disease: breast cancer | justification: Study pertains to breast cancer, not Lewy body diseases","No | evidence: Samples are breast cancer cell lines (HS578T, SUM52PE, HCC3153, etc.) | justification: No human CNS or brain tissue samples; only breast cancer cell lines",Yes | evidence: Experimental design: in_vitro_design; Cell type/line: breast cancer cell lines | justification: Study involves patient-derived in vitro breast cancer cell lines,"No | evidence: Experimental design: cell_type_comparison_design, co-expression_design | justification: Study is a cell line comparison experiment, not a case/control clinical design","Yes | evidence: No CNS tissue; samples from breast cancer cell lines | justification: Samples originate from breast tissue cell lines, not brain regions affected in LBD",,,,No,False,,,,,,No | evidence: Clinical/familial: Not found | justification: No indication of familial disease involvement,No | evidence: Technology: Array assay; Assay by Molecule: RNA assay | justification: Microarray technology is compatible,"justification: Dataset does not meet inclusion criteria: not LBD, uses non-CNS breast cancer cell lines in vitro, and lacks case/control design.",No
lbd-screened_E-MTAB-812,lbd-screened,LBD,,o4-mini-2025-04-16,Yes | evidence: Study type: transcription profiling by array; Technology: Array assay | justification: Uses whole genome expression profiling on microarray platform,Yes | evidence: Disease: Parkinson disease; Title: Whole genome expression in Parkinson disease | justification: Parkinson disease is a Lewy body disease,"Yes | evidence: Organism part: brain, prefrontal cortex BA9 | justification: Samples are from human CNS tissue (prefrontal cortex Brodmann area 9)",No | evidence: Cell type/line: Not found | justification: No patient-derived in vitro cell lines or disease models involved,"Yes | evidence: Experimental designs: disease_state_design; Disease_state: neurologically healthy control, Parkinson disease | justification: Study compares Parkinson disease cases to healthy controls",No | evidence: Organism part: prefrontal cortex BA9 | justification: Prefrontal cortex BA9 is affected in Parkinson disease Lewy body pathology,,,,Yes,True,,,,,,No | evidence: Clinical/familial: Not found | justification: No indication that cases are familial; assumed sporadic,No | evidence: Technology: Array assay | justification: Microarray technology is compatible,"justification: Dataset meets all inclusion criteria: human microarray profiling in relevant CNS tissue, case‒control design in Parkinson disease (an LBD), sporadic cases, using compatible microarray technology.",Yes
lbd-screened_E-TABM-167,lbd-screened,LBD,,o4-mini-2025-04-16,Yes | evidence: Study type: transcription profiling by array; Technology: Array assay | justification: Dataset uses microarray-based transcription profiling on human RNA samples,"No | evidence: Disease: glioma; no mention of Lewy body diseases | justification: The study focuses on gliomas, not Lewy body disease",Yes | evidence: Organism part: brain; samples from human glioma and normal brain tissue | justification: Data are derived from human CNS (brain) tissue,"No | evidence: No cell lines or in vitro models reported; samples are patient tumor and control tissue | justification: All samples are directly from human patients, not derived cell lines or models",Yes | evidence: Experimental Factors include DiseaseState with normal and glioma; disease_state_design | justification: Includes comparison of diseased (glioma) vs control (normal) samples,Yes | evidence: Samples are brain tumor (glioma) tissue without specification of LBD‐relevant regions | justification: Tumor tissue is not from regions typically impacted in Lewy body diseases,,,,No,False,,,,,,No | evidence: Disease reported: glioma; no familial LBD cases | justification: The study does not involve familial Lewy body disease,"No | evidence: Technology: Array assay | justification: Uses microarray technology, which is compatible",justification: Excluded because the dataset is about glioma (not LBD) and uses tumor tissue irrelevant to Lewy body disease pathology.,No
lbd-screened_E-TABM-724,lbd-screened,LBD,,o4-mini-2025-04-16,Yes | evidence: Study type: transcription profiling by array; Technology: Array assay | justification: Dataset uses microarray-based expression profiling on human samples.,Yes | evidence: Samples include donors with Parkinson's disease | justification: Parkinson's disease is a Lewy body disease.,"No | evidence: Organism part: olfactory mucosa | justification: Samples are derived from olfactory mucosa, not CNS tissue.",Yes | evidence: Experimental Factors: CELLTYPE indicates neurosphere-derived cell lines | justification: Involves patient-derived in vitro neurosphere cell lines.,Yes | evidence: DISEASESTATE factors include normal and Parkinson's disease | justification: Study includes case (PD) and control (normal) groups.,Yes | evidence: Organism part: olfactory mucosa | justification: Olfactory mucosa is not a CNS region typically affected in LBD.,,,,No,False,,,,,,No | evidence: No clinical/familial information provided | justification: No indication that only familial cases are included.,No | evidence: Technology: Array assay | justification: Microarray technology is compatible.,justification: Excluded because it uses patient-derived in vitro cell lines from olfactory mucosa rather than human CNS tissue.,No
lbd-screened_E-TABM-879,lbd-screened,LBD,,o4-mini-2025-04-16,Yes | evidence: Study type: transcription profiling by array; Technology: Array assay | justification: The dataset uses microarray-based transcriptional profiling on human samples.,Yes | evidence: Disease: idiopathic Parkinson’s disease | justification: Parkinson’s disease is a Lewy body disease.,"No | evidence: Samples are olfactory neurosphere-derived cell lines from olfactory epithelium | justification: Cells are derived in vitro from olfactory epithelium, not directly from CNS tissue.",Yes | evidence: CellLine: olfactory neurosphere-derived cells (hONS) | justification: The study uses patient-derived in vitro cell lines rather than primary tissue.,Yes | evidence: Experimental Factors: disease states include normal and idiopathic Parkinson’s disease | justification: Design compares PD patient–derived cells to healthy control–derived cells.,No | evidence: No brain tissue sampled; in vitro cell lines used | justification: Not applicable—samples are not from any brain region.,,,,No,False,,,,,,"No | evidence: Disease described as idiopathic Parkinson’s disease | justification: Idiopathic indicates sporadic, not familial, cases.","No | evidence: Technology: Array assay | justification: Uses microarray technology, which is compatible.",justification: Excluded because it uses patient-derived in vitro cell lines rather than direct CNS tissue samples.,No
